x,y
0.6066,1.0585
2.5406,2.7078
2.2382,2.9433
1.4152,2.6580
1.7012,2.9107
1.4090,2.6507
3.7469,-0.0517
2.4262,2.8184
1.7393,2.9320
2.0940,2.9912
1.0203,2.0401
0.6269,1.1145
0.1169,-0.5461
0.5746,0.9682
1.0280,2.0553
1.3250,2.5444
2.0368,2.9986
1.0250,2.0493
0.2222,-0.1607
0.8731,1.7302
1.3452,2.5713
0.5605,0.9280
0.2684,0.0014
2.7360,2.4583
2.2596,2.9326
3.6133,0.3973
0.2550,-0.0449
0.5970,1.0316
1.2183,2.3889
2.5740,2.6705
0.4096,0.4705
3.6850,0.1607
2.7118,2.4933
2.6489,2.5790
3.7278,0.0147
2.1296,2.9832
2.3428,2.8825
2.3617,2.8692
1.5505,2.7980
1.2563,2.4469
2.8347,2.3033
0.5529,0.9059
2.5220,2.7275
3.6360,0.3236
1.9999,3.0000
2.7364,2.4577
1.3480,2.5749
2.5159,2.7338
3.2820,1.3565
3.7672,-0.1229
1.4142,2.6569
0.0560,-0.7791
3.5325,0.6515
0.6861,1.2737
1.5020,2.7520
1.7356,2.9301
1.9288,2.9949
2.6892,2.5251
0.6999,1.3097
1.2840,2.4873
2.3530,2.8754
2.3121,2.9026
3.9531,-0.8148
0.3504,0.2789
2.9220,2.1499
0.0461,-0.8178
3.1343,1.7133
1.8073,2.9629
2.5873,2.6551
1.3175,2.5341
1.5165,2.7662
0.1013,-0.6051
1.0584,2.1134
2.2245,2.9496
0.4514,0.6017
1.7338,2.9291
0.0334,-0.8673
1.4013,2.6416
2.4697,2.7794
1.6178,2.8540
0.0609,-0.7601
3.5345,0.6452
1.8855,2.9869
3.5635,0.5554
3.3279,1.2367
3.0362,1.9264
1.1971,2.3554
1.7892,2.9556
3.5681,0.5412
1.1727,2.3155
1.6922,2.9053
2.0699,2.9951
2.6351,2.5966
1.2796,2.4810
2.5740,2.6705
1.4921,2.7420
1.6521,2.8789
1.6405,2.8708
0.9736,1.9464
0.9750,1.9493
0.5276,0.8319
3.1291,1.7251
2.4449,2.8021
3.1165,1.7535
0.8740,1.7322
2.1490,2.9778
2.0431,2.9981
3.1529,1.6709
2.1905,2.9637
2.2336,2.9454
1.3731,2.6070
3.5120,0.7139
0.9962,1.9924
2.5062,2.7438
3.0226,1.9544
2.2211,2.9511
0.0506,-0.8000
1.6794,2.8972
2.8254,2.3187
3.8709,-0.5002
2.7284,2.4694
3.4333,0.9456
1.1288,2.2410
2.3231,2.8956
3.5792,0.5061
2.6332,2.5991
2.9903,2.0193
2.7930,2.3712
0.7584,1.4585
1.1743,2.3183
1.9884,2.9999
3.8492,-0.4194
1.2919,2.4986
3.5570,0.5758
3.1736,1.6227
0.1338,-0.4827
3.1095,1.7691
3.0514,1.8946
0.8734,1.7309
1.7336,2.9290
0.2644,-0.0122
3.1201,1.7454
3.4529,0.8891
3.8671,-0.4859
0.3028,0.1194
2.7384,2.4548
0.4225,0.5115
2.9036,2.1834
0.7835,1.5201
0.8048,1.5714
2.6716,2.5489
0.6386,1.1465
2.7616,2.4199
3.5848,0.4883
2.1435,2.9794
3.5693,0.5374
2.5087,2.7412
1.1463,2.2712
2.0236,2.9994
2.8582,2.2635
1.3198,2.5373
2.2146,2.9539
2.2375,2.9436
1.7241,2.9239
3.2486,1.4411
0.1830,-0.3016
0.8530,1.6845
1.0798,2.1532
1.1017,2.1931
1.0903,2.1724
1.7486,2.9368
2.8694,2.2441
3.4501,0.8972
2.6244,2.6102
1.7622,2.9434
2.2328,2.9458
3.9350,-0.7441
0.6545,1.1896
0.7538,1.4470
0.3573,0.3015
2.0323,2.9990
1.9122,2.9923
2.5510,2.6964
1.0106,2.0211
1.3807,2.6165
0.5312,0.8427
3.1445,1.6901
3.9885,-0.9540
3.8654,-0.4797
2.2498,2.9376
1.5256,2.7750
3.9304,-0.7265
1.7314,2.9279
2.6498,2.5777
2.5984,2.6419
2.3628,2.8683
0.2946,0.0916
0.9708,1.9407
3.1804,1.6068
0.0849,-0.6678
2.2626,2.9310
0.0568,-0.7759
1.7062,2.9137
1.9031,2.9906
0.5636,0.9368
2.2837,2.9195
3.4618,0.8630
2.4579,2.7903
1.4295,2.6745
0.6801,1.2577
2.1019,2.9896
2.0840,2.9929
1.7492,2.9371
3.7285,0.0123
2.3211,2.8969
2.6144,2.6225
2.8986,2.1924
0.2956,0.0950
2.9545,2.0889
0.9834,1.9664
3.9362,-0.7489
2.0361,2.9987
3.7804,-0.1699
2.1770,2.9687
2.6033,2.6361
2.1461,2.9786
0.3921,0.4145
1.6515,2.8786
0.6030,1.0484
1.5254,2.7748
2.1814,2.9671
1.4101,2.6520
3.7646,-0.1138
3.1668,1.6386
3.0064,1.9872
1.4841,2.7339
0.2574,-0.0368
0.1226,-0.5248
2.4556,2.7924
2.7538,2.4318
1.2909,2.4972
0.2273,-0.1426
2.8496,2.2782
0.7712,1.4901
2.3097,2.9041
1.2134,2.3813
1.1636,2.3004
1.1560,2.2877
1.9865,2.9998
3.0786,1.8366
2.1703,2.9710
3.3293,1.2330
1.2619,2.4553
1.7825,2.9527
2.3170,2.8995
3.8948,-0.5903
1.6476,2.8758
1.0536,2.1042
2.3014,2.9092
1.0612,2.1187
3.5508,0.5949
3.4180,0.9893
0.0789,-0.6905
2.6193,2.6164
1.7512,2.9381
1.5322,2.7812
3.9878,-0.9513
0.4247,0.5185
1.5411,2.7894
0.4663,0.6477
0.1761,-0.3267
1.9680,2.9990
0.9701,1.9392
3.5978,0.4471
2.8583,2.2633
3.5899,0.4722
3.1354,1.7110
1.9959,3.0000
1.4596,2.7079
2.3358,2.8873
0.0561,-0.7788
3.5120,0.7138
1.4673,2.7162
0.2770,0.0313
1.6013,2.8410
3.3199,1.2578
3.0992,1.7917
3.0782,1.8374
2.5054,2.7445
2.5916,2.6500
1.6451,2.8741
0.7037,1.3197
0.3364,0.2325
0.4110,0.4750
3.8762,-0.5203
3.8685,-0.4912
1.2784,2.4793
3.0914,1.8088
0.8597,1.6997
1.6922,2.9053
1.9723,2.9992
3.5241,0.6771
0.0344,-0.8634
2.5883,2.6539
1.5232,2.7727
3.0951,1.8008
3.7808,-0.1712
0.4298,0.5346
1.1139,2.2148
1.4904,2.7403
3.5666,0.5458
1.5892,2.8312
0.4135,0.4831
0.2856,0.0610
3.0661,1.8635
0.6138,1.0786
1.9748,2.9994
0.6635,1.2138
0.2981,0.1035
3.7867,-0.1922
2.7406,2.4516
3.0748,1.8449
3.7678,-0.1251
1.7205,2.9219
1.2589,2.4508
3.3263,1.2410
1.5004,2.7504
0.6352,1.1375
3.6858,0.1580
3.8061,-0.2619
3.7141,0.0618
2.5265,2.7228
2.3336,2.8887
0.3624,0.3182
3.2083,1.5401
1.9502,2.9975
1.3428,2.5681
3.8351,-0.3677
2.2598,2.9325
0.4007,0.4423
2.9580,2.0823
1.5739,2.8184
0.7328,1.3942
2.5740,2.6706
2.8261,2.3176
0.7097,1.3353
3.6821,0.1707
2.6989,2.5115
1.6588,2.8836
0.6981,1.3049
1.8516,2.9780
3.0906,1.8106
3.1109,1.7660
3.5980,0.4463
2.3833,2.8531
0.6973,1.3029
3.5389,0.6319
3.6699,0.2115
3.0289,1.9413
3.0478,1.9020
1.5249,2.7743
1.5472,2.7950
0.2623,-0.0197
0.2160,-0.1825
0.6828,1.2651
3.6511,0.2737
2.5876,2.6548
3.2336,1.4783
1.6548,2.8808
3.2615,1.4085
1.3131,2.5281
3.0139,1.9720
3.4665,0.8493
2.5559,2.6910
3.5232,0.6800
1.4542,2.7021
0.5061,0.7683
1.6107,2.8484
0.9319,1.8591
3.3349,1.2180
2.1385,2.9808
3.8474,-0.4128
3.4881,0.7856
3.2705,1.3858
0.9281,1.8510
0.7703,1.4880
1.3991,2.6389
3.6549,0.2614
3.0534,1.8904
0.6941,1.2947
3.8125,-0.2852
1.9600,2.9984
0.2235,-0.1560
3.2819,1.3568
1.0006,2.0013
1.4837,2.7334
3.9391,-0.7603
3.6398,0.3111
0.0136,-0.9457
0.4218,0.5091
0.1393,-0.4622
0.7919,1.5404
0.9972,1.9943
2.1985,2.9606
3.7649,-0.1148
2.7423,2.4490
3.2918,1.3312
2.1405,2.9803
3.5879,0.4785
2.4165,2.8266
3.9758,-0.9039
3.1701,1.6310
0.4026,0.4482
0.0938,-0.6337
1.6015,2.8412
3.2720,1.3820
2.7817,2.3890
2.3582,2.8717
0.8020,1.5649
1.9633,2.9987
3.6258,0.3566
2.9756,2.0482
2.2102,2.9558
1.9731,2.9993
0.5181,0.8041
0.0968,-0.6220
1.5523,2.7995
0.8809,1.7477
2.1679,2.9718
0.8369,1.6471
3.8550,-0.4411
3.9243,-0.7029
0.0682,-0.7317
2.8389,2.2962
3.5404,0.6271
0.0259,-0.8972
1.7544,2.9397
1.1845,2.3350
1.1216,2.2285
0.0153,-0.9388
2.9326,2.1303
2.3548,2.8741
1.7063,2.9137
2.9349,2.1260
2.4049,2.8360
1.9801,2.9996
2.9492,2.0990
3.1769,1.6149
0.2426,-0.0884
2.6833,2.5330
2.0821,2.9933
2.8137,2.3378
2.1645,2.9729
0.1141,-0.5568
2.0799,2.9936
2.5975,2.6430
3.4082,1.0170
2.3729,2.8610
2.2454,2.9398
0.0218,-0.9131
2.5048,2.7452
2.5836,2.6595
3.1682,1.6353
1.7079,2.9147
3.4678,0.8456
1.5396,2.7880
0.3884,0.4028
2.8192,2.3289
1.4580,2.7063
0.2347,-0.1164
2.7247,2.4748
0.6038,1.0506
0.8732,1.7303
3.4253,0.9686
1.1558,2.2874
1.7968,2.9587
3.5981,0.4462
2.1983,2.9607
0.1907,-0.2736
3.6371,0.3198
1.0869,2.1662
0.8782,1.7415
2.0465,2.9978
3.4922,0.7734
3.0849,1.8230
3.8001,-0.2402
3.3924,1.0613
3.4325,0.9479
0.4242,0.5169
3.6399,0.3106
0.3207,0.1801
3.3779,1.1015
1.0101,2.0201
0.5986,1.0362
0.7797,1.5109
3.2826,1.3550
3.7511,-0.0663
3.8784,-0.5283
2.7046,2.5036
2.1885,2.9645
3.5065,0.7306
0.7644,1.4734
0.6568,1.1959
1.1479,2.2739
0.7954,1.5490
2.4097,2.8321
1.5389,2.7874
3.4906,0.7783
0.0514,-0.7972
3.9158,-0.6702
0.8303,1.6318
0.1106,-0.5699
3.3026,1.3033
1.7385,2.9316
1.8796,2.9855
0.1445,-0.4430
3.7637,-0.1108
3.2369,1.4700
3.4543,0.8850
3.4430,0.9177
1.3107,2.5248
0.8124,1.5897
1.7188,2.9209
0.8649,1.7116
1.7934,2.9573
2.2244,2.9496
2.4973,2.7527
0.6300,1.1230
1.0218,2.0432
3.6002,0.4393
3.6616,0.2392
1.3410,2.5658
1.9534,2.9978
3.5667,0.5454
3.7132,0.0650
2.2993,2.9104
1.2812,2.4833
3.7111,0.0723
0.0822,-0.6778
1.9566,2.9981
2.3960,2.8432
0.1078,-0.5805
2.5059,2.7441
1.7979,2.9592
1.8253,2.9695
3.0666,1.8624
1.2092,2.3746
3.4922,0.7733
2.1121,2.9874
0.7755,1.5006
1.2868,2.4913
3.0357,1.9274
1.3261,2.5458
1.2661,2.4615
0.2751,0.0249
0.9541,1.9060
1.4118,2.6540
0.6221,1.1014
2.1755,2.9692
1.1940,2.3504
1.0123,2.0244
2.6080,2.6303
1.5587,2.8052
3.2611,1.4096
1.8219,2.9683
3.7572,-0.0878
3.5928,0.4630
1.6472,2.8755
2.6025,2.6371
0.4639,0.6405
3.3273,1.2384
1.6950,2.9070
0.6355,1.1380
2.2228,2.9504
3.0118,1.9762
3.3384,1.2086
0.8773,1.7395
2.3988,2.8409
2.2437,2.9406
3.9788,-0.9158
3.5009,0.7473
0.9894,1.9786
1.9746,2.9994
0.1046,-0.5925
2.9108,2.1705
3.7519,-0.0693
0.9834,1.9665
2.2803,2.9214
1.1466,2.2716
1.0312,2.0614
3.1537,1.6691
0.5645,0.9393
3.3128,1.2765
2.9798,2.0399
0.0925,-0.6385
1.8752,2.9844
2.1434,2.9794
0.6404,1.1516
1.8086,2.9634
1.4185,2.6619
0.3837,0.3877
0.5979,1.0341
0.8326,1.6371
0.7189,1.3589
0.1294,-0.4990
3.9162,-0.6720
2.0772,2.9940
1.2152,2.3840
1.4798,2.7294
1.2365,2.4171
0.5598,0.9257
2.8827,2.2208
0.9327,1.8608
3.3897,1.0687
3.9495,-0.8006
0.3307,0.2136
3.2401,1.4620
1.7299,2.9271
1.8744,2.9842
0.4489,0.5941
2.8463,2.2838
0.3658,0.3294
3.9794,-0.9182
3.6976,0.1182
3.1242,1.7363
0.8534,1.6852
1.2722,2.4703
2.0588,2.9965
1.1219,2.2290
2.4052,2.8358
3.4173,0.9913
2.0275,2.9992
2.2366,2.9440
0.0589,-0.7680
0.5014,0.7542
1.2959,2.5042
1.2601,2.4525
0.3204,0.1789
0.5577,0.9197
3.1818,1.6033
1.7994,2.9598
3.2811,1.3588
1.6164,2.8529
1.4603,2.7087
2.3296,2.8914
2.7293,2.4681
0.1788,-0.3167
3.5859,0.4851
0.1850,-0.2944
2.8496,2.2781
1.0962,2.1832
3.9366,-0.7503
2.7182,2.4842
2.3949,2.8441
1.8210,2.9680
2.6086,2.6297
0.2118,-0.1976
0.2244,-0.1526
1.9203,2.9937
1.4187,2.6621
1.2367,2.4174
3.5630,0.5571
1.9139,2.9926
1.4326,2.6780
1.3975,2.6370
0.2667,-0.0044
2.1162,2.9865
3.3210,1.2551
2.1755,2.9692
0.1459,-0.4376
1.8973,2.9895
2.8356,2.3018
1.2351,2.4150
2.8347,2.3033
3.2359,1.4724
0.2601,-0.0273
2.8122,2.3403
2.8872,2.2128
0.4331,0.5447
2.1811,2.9672
1.0618,2.1197
1.4425,2.6892
3.9475,-0.7929
1.2817,2.4840
3.3549,1.1642
1.7944,2.9577
0.4940,0.7320
2.7589,2.4241
3.8448,-0.4035
2.7708,2.4058
3.5705,0.5336
2.6254,2.6089
0.3301,0.2115
2.6357,2.5959
0.5784,0.9790
2.7025,2.5066
0.7467,1.4293
2.6727,2.5475
2.3136,2.9016
3.8840,-0.5493
3.0553,1.8864
1.7452,2.9351
0.4352,0.5515
1.8149,2.9657
2.4791,2.7705
1.2268,2.4022
1.7380,2.9314
2.4512,2.7965
2.9776,2.0443
0.6980,1.3048
2.6208,2.6146
0.1505,-0.4207
2.4377,2.8084
3.9068,-0.6357
0.7728,1.4941
3.2438,1.4530
3.1139,1.7593
0.9441,1.8851
3.1312,1.7203
1.3391,2.5632
2.8263,2.3173
3.6310,0.3399
0.0048,-0.9809
2.7544,2.4308
1.5261,2.7754
3.6541,0.2639
3.3496,1.1786
1.5697,2.8149
2.0023,3.0000
2.5328,2.7162
2.1181,2.9861
1.3517,2.5797
2.9585,2.0813
3.1662,1.6400
2.3617,2.8691
2.2596,2.9326
2.1132,2.9872
0.6098,1.0675
2.7135,2.4908
0.5695,0.9535
1.1737,2.3172
0.2545,-0.0469
1.1091,2.2062
1.1963,2.3540
3.3159,1.2684
0.5339,0.8504
2.9620,2.0746
1.9553,2.9980
1.5822,2.8254
0.7526,1.4441
2.7970,2.3647
3.4092,1.0142
2.6154,2.6212
2.2765,2.9236
1.7233,2.9235
2.1773,2.9686
3.0016,1.9968
3.0007,1.9986
0.2195,-0.1702
2.1241,2.9846
1.0846,2.1621
3.6754,0.1930
3.0559,1.8851
3.4752,0.8238
2.8758,2.2330
2.7031,2.5057
3.3355,1.2165
2.7782,2.3944
1.9186,2.9934
1.6511,2.8783
1.5846,2.8274
2.2342,2.9451
3.2214,1.5081
1.3170,2.5336
1.7262,2.9250
3.1432,1.6931
3.0149,1.9700
3.7666,-0.1210
1.9324,2.9954
0.1970,-0.2507
2.1523,2.9768
3.7137,0.0632
1.8718,2.9836
1.0491,2.0959
0.3454,0.2622
2.4234,2.8208
1.6930,2.9057
1.9628,2.9986
1.8129,2.9650
3.0304,1.9383
3.3875,1.0749
0.6569,1.1961
1.3873,2.6246
0.9919,1.9838
2.7526,2.4335
2.3958,2.8434
2.4924,2.7575
0.4097,0.4710
0.5119,0.7855
2.5176,2.7321
2.5106,2.7393
3.2804,1.3605
3.1738,1.6222
1.8930,2.9886
0.4893,0.7178
0.2269,-0.1438
0.9755,1.9504
0.0767,-0.6989
3.3417,1.1997
3.8439,-0.4001
1.1339,2.2499
2.8516,2.2748
0.1590,-0.3893
1.2413,2.4244
0.7218,1.3661
2.3458,2.8804
2.2736,2.9252
0.6221,1.1013
3.9802,-0.9212
1.8584,2.9799
1.7405,2.9326
0.8446,1.6650
1.8337,2.9723
0.8703,1.7237
3.6159,0.3888
2.7277,2.4704
1.7324,2.9284
1.4023,2.6428
0.9250,1.8444
2.7601,2.4222
0.1739,-0.3346
1.8122,2.9647
2.5830,2.6601
3.0702,1.8547
1.3529,2.5813
3.9844,-0.9378
1.1346,2.2510
3.2651,1.3996
1.6982,2.9089
0.7692,1.4852
0.3067,0.1327
3.4269,0.9640
0.9027,1.7960
2.9319,2.1315
3.6621,0.2375
0.4621,0.6350
2.5320,2.7169
0.6389,1.1473
1.9898,2.9999
0.1533,-0.4102
1.8423,2.9751
0.4484,0.5926
3.1894,1.5854
0.1181,-0.5417
2.8737,2.2367
3.1208,1.7438
0.9947,1.9893
3.2284,1.4911
1.2127,2.3802
3.8118,-0.2828
2.7301,2.4669
1.4984,2.7484
2.1860,2.9654
0.5203,0.8104
3.3575,1.1571
1.8209,2.9679
0.2008,-0.2370
1.4881,2.7379
3.5560,0.5788
3.1012,1.7874
0.2062,-0.2177
1.8641,2.9815
1.6221,2.8572
0.7581,1.4576
3.7986,-0.2349
1.4604,2.7089
2.5543,2.6928
1.2900,2.4958
0.6818,1.2624
3.8233,-0.3245
2.7966,2.3655
3.3464,1.1872
1.4493,2.6968
2.4213,2.8225
3.6775,0.1859
2.4853,2.7644
0.7164,1.3524
2.8153,2.3353
1.6210,2.8564
2.6273,2.6065
3.5834,0.4929
2.7691,2.4084
1.6623,2.8860
1.5925,2.8339
1.9187,2.9934
0.4715,0.6637
2.1256,2.9842
1.0765,2.1472
2.1138,2.9870
1.3294,2.5503
0.9440,1.8849
2.3982,2.8414
3.7994,-0.2377
0.3913,0.4119
1.1424,2.2645
2.1952,2.9619
2.1135,2.9871
1.9878,2.9999
3.2081,1.5406
1.9766,2.9995
1.8805,2.9857
3.0020,1.9960
1.5845,2.8274
1.5722,2.8170
3.4470,0.9063
3.6427,0.3014
2.0990,2.9902
0.3320,0.2179
2.5048,2.7451
1.7605,2.9426
3.6147,0.3929
2.8969,2.1956
2.2447,2.9401
0.5945,1.0246
1.9059,2.9911
1.5719,2.8167
0.3159,0.1639
1.2999,2.5099
2.0711,2.9949
0.2908,0.0785
0.1926,-0.2667
1.8064,2.9625
3.1274,1.7290
0.3162,0.1648
0.9382,1.8726
0.4836,0.7006
0.6148,1.0812
1.7114,2.9167
3.1327,1.7170
2.8361,2.3010
3.2080,1.5406
2.2550,2.9350
3.6644,0.2299
3.2113,1.5326
0.0308,-0.8778
3.0743,1.8458
0.1174,-0.5442
1.3422,2.5673
2.1169,2.9863
2.2655,2.9295
2.5702,2.6749
3.7114,0.0713
1.0870,2.1664
2.7494,2.4384
0.0959,-0.6255
0.9621,1.9227
1.7055,2.9133
1.4915,2.7414
2.8330,2.3061
1.5766,2.8207
3.4135,1.0019
1.0747,2.1438
0.3136,0.1559
0.9817,1.9631
0.3411,0.2480
3.1907,1.5823
0.8803,1.7462
0.0267,-0.8938
3.5056,0.7333
3.5945,0.4576
2.4394,2.8070
3.1438,1.6917
3.6820,0.1710
0.7655,1.4761
3.2470,1.4449
0.6497,1.1767
2.0675,2.9954
0.7026,1.3169
3.4784,0.8143
0.0835,-0.6729
1.0957,2.1823
1.0288,2.0568
3.2342,1.4768
3.1084,1.7715
2.1185,2.9860
2.9125,2.1673
2.3512,2.8767
1.2295,2.4063
2.0781,2.9939
3.2217,1.5074
1.4090,2.6507
3.7563,-0.0845
2.3982,2.8415
3.8338,-0.3629
1.1600,2.2945
0.9108,1.8136
0.3407,0.2468
3.9866,-0.9464
1.8662,2.9821
2.5222,2.7274
0.6801,1.2580
3.2056,1.5466
3.0721,1.8506
1.6203,2.8558
1.9210,2.9938
2.7999,2.3601
3.3978,1.0462
2.0872,2.9924
3.1265,1.7311
0.3522,0.2848
1.1392,2.2591
0.2909,0.0790
0.2385,-0.1029
3.5937,0.4603
0.6066,1.0585
3.9824,-0.9297
3.0369,1.9247
2.5623,2.6838
3.7988,-0.2357
1.0980,2.1863
0.3371,0.2347
2.1769,2.9687
1.6319,2.8645
0.7631,1.4700
0.0287,-0.8859
2.7764,2.3972
0.7355,1.4012
1.3893,2.6270
1.6097,2.8477
1.9582,2.9983
3.7445,-0.0433
0.5600,0.9265
2.2389,2.9429
3.9248,-0.7050
2.7226,2.4779
0.7070,1.3283
3.0439,1.9102
3.1836,1.5991
0.9663,1.9314
1.7002,2.9101
2.8634,2.2545
3.9712,-0.8856
0.0154,-0.9388
0.0675,-0.7347
2.9737,2.0518
0.6575,1.1976
0.8605,1.7014
1.4605,2.7089
1.2879,2.4929
1.2204,2.3923
2.6793,2.5386
1.8404,2.9745
2.3278,2.8926
2.2325,2.9459
2.3494,2.8779
0.6633,1.2133
0.6883,1.2795
3.3597,1.1513
2.7575,2.4262
0.7449,1.4248
3.2556,1.4234
0.8429,1.6611
0.9533,1.9045
3.7926,-0.2134
0.7157,1.3505
1.5652,2.8110
3.4779,0.8158
3.3788,1.0989
0.3645,0.3253
2.8731,2.2377
1.6981,2.9088
1.2125,2.3799
3.6049,0.4243
2.7299,2.4672
3.5412,0.6246
2.5731,2.6715
1.2634,2.4575
0.3676,0.3352
0.8039,1.5694
0.2873,0.0666
2.7166,2.4865
0.4505,0.5991
2.6368,2.5945
1.7894,2.9556
2.5755,2.6688
2.6175,2.6186
0.5394,0.8667
0.0963,-0.6239
3.5805,0.5021
1.5225,2.7720
1.3688,2.6016
3.9171,-0.6752
1.3959,2.6350
3.7519,-0.0692
1.2313,2.4091
0.2027,-0.2304
3.7705,-0.1348
1.3560,2.5852
2.6548,2.5712
2.9154,2.1621
1.8129,2.9650
2.4146,2.8281
2.3607,2.8699
3.0285,1.9422
2.1430,2.9796
2.5753,2.6691
1.3436,2.5691
3.6376,0.3182
2.3872,2.8501
3.9906,-0.9627
2.4839,2.7659
3.8882,-0.5653
2.3165,2.8999
2.2643,2.9301
2.9919,2.0161
0.9423,1.8812
1.1789,2.3258
2.2897,2.9161
1.9085,2.9916
0.9464,1.8899
0.2194,-0.1706
3.6814,0.1730
1.4520,2.6997
0.4332,0.5450
0.3472,0.2681
2.1033,2.9893
2.2232,2.9502
1.3860,2.6230
0.2435,-0.0854
1.6838,2.9000
0.9747,1.9488
0.9372,1.8705
1.5663,2.8119
3.6491,0.2806
0.2084,-0.2097
1.5315,2.7805
3.9824,-0.9299
2.8612,2.2584
0.2497,-0.0636
0.7353,1.4004
3.5505,0.5961
3.2226,1.5053
0.1511,-0.4184
0.9378,1.8717
0.0629,-0.7523
0.7675,1.4810
0.6781,1.2526
3.7222,0.0339
3.1761,1.6169
3.8491,-0.4192
2.5348,2.7140
0.1220,-0.5268
3.4389,0.9296
3.1178,1.7506
3.9709,-0.8845
0.1289,-0.5009
0.4835,0.7002
3.1937,1.5751
1.8262,2.9698
2.7078,2.4990
2.0732,2.9946
1.2536,2.4430
3.4864,0.7907
0.4580,0.6221
0.7192,1.3596
2.9146,2.1634
3.6447,0.2951
3.7512,-0.0668
3.7963,-0.2267
1.0762,2.1465
1.9375,2.9961
1.8757,2.9846
2.2155,2.9535
0.3030,0.1202
1.1830,2.3326
3.5698,0.5357
2.9710,2.0572
0.7633,1.4706
3.3762,1.1061
0.6629,1.2121
0.7577,1.4568
3.6562,0.2570
3.5762,0.5156
1.4454,2.6925
1.0853,2.1634
1.2664,2.4619
3.5765,0.5147
0.0408,-0.8383
1.5131,2.7630
0.7100,1.3359
1.3216,2.5398
3.0478,1.9022
2.1533,2.9765
3.8634,-0.4723
1.7701,2.9472
1.1963,2.3541
0.8555,1.6901
3.6849,0.1613
2.6699,2.5512
2.1135,2.9871
0.3435,0.2561
1.5054,2.7554
2.7369,2.4570
2.9274,2.1399
3.9595,-0.8397
2.2925,2.9145
0.5349,0.8536
0.6723,1.2372
2.9020,2.1864
2.5328,2.7161
2.5633,2.6827
3.0696,1.8559
0.2409,-0.0945
0.2114,-0.1992
2.0708,2.9950
3.2751,1.3741
0.5423,0.8752
0.9344,1.8646
2.0207,2.9996
3.8011,-0.2440
1.1926,2.3481
2.7019,2.5073
2.2133,2.9545
3.0610,1.8743
3.5867,0.4824
3.6034,0.4292
2.1862,2.9653
3.3351,1.2175
1.7899,2.9559
3.8219,-0.3194
1.4560,2.7040
1.3563,2.5857
0.8721,1.7278
3.6706,0.2092
0.5516,0.9021
2.8891,2.2094
1.4685,2.7175
2.4620,2.7866
0.9795,1.9585
3.5812,0.4999
3.5567,0.5766
0.2436,-0.0851
2.2478,2.9386
2.0825,2.9932
3.5506,0.5956
2.6855,2.5301
2.4615,2.7870
1.1373,2.2557
1.1998,2.3597
0.2566,-0.0393
1.2536,2.4428
2.1487,2.9779
1.1009,2.1916
3.9151,-0.6676
2.3644,2.8672
3.8090,-0.2725
3.8904,-0.5736
1.1025,2.1944
2.1741,2.9697
2.5562,2.6907
1.3211,2.5392
1.3507,2.5784
1.5577,2.8044
2.2908,2.9154
2.8041,2.3534
3.2693,1.3889
0.7438,1.4219
1.0199,2.0394
1.1540,2.2843
0.6052,1.0545
0.7661,1.4775
0.7684,1.4833
0.4167,0.4931
1.0053,2.0106
1.1505,2.2784
2.4441,2.8028
3.2202,1.5110
0.3868,0.3976
3.5713,0.5309
3.5095,0.7215
1.2139,2.3820
3.3842,1.0839
3.4486,0.9014
3.4362,0.9374
0.6895,1.2827
1.2547,2.4446
3.9775,-0.9106
2.6338,2.5984
3.9005,-0.6121
0.6746,1.2434
1.1428,2.2652
0.2831,0.0524
0.8132,1.5915
0.4967,0.7402
0.1105,-0.5701
3.3141,1.2733
3.6491,0.2805
0.1490,-0.4261
0.4503,0.5983
3.7644,-0.1133
2.5029,2.7471
1.9022,2.9904
0.3192,0.1750
0.6316,1.1274
0.6910,1.2866
2.6233,2.6115
0.7627,1.4690
2.7997,2.3604
2.4087,2.8330
0.9533,1.9045
2.9891,2.0217
0.0882,-0.6551
2.5209,2.7287
3.3435,1.1950
0.7572,1.4554
3.2028,1.5534
2.8478,2.2813
1.8014,2.9606
0.2904,0.0773
2.7766,2.3968
0.3996,0.4388
1.1164,2.2192
3.4755,0.8229
3.3744,1.1109
0.4677,0.6519
0.5151,0.7949
1.8254,2.9695
1.5222,2.7717
2.0447,2.9980
3.0100,1.9798
0.3213,0.1821
2.9993,2.0013
0.3167,0.1666
3.0886,1.8150
0.6625,1.2111
2.1489,2.9778
1.4999,2.7499
1.8144,2.9656
3.8563,-0.4458
0.8363,1.6457
3.6628,0.2352
2.8324,2.3072
0.0911,-0.6438
0.4850,0.7048
2.3753,2.8592
1.6123,2.8497
2.0637,2.9959
3.6422,0.3033
1.3728,2.6066
3.3968,1.0490
3.4283,0.9600
1.8591,2.9801
1.5750,2.8194
2.3216,2.8966
0.8286,1.6279
2.2531,2.9359
1.6681,2.8898
1.4846,2.7343
2.4784,2.7711
2.2332,2.9456
2.7665,2.4125
3.3548,1.1644
3.5948,0.4566
2.0900,2.9919
2.1572,2.9753
3.7395,-0.0258
2.4634,2.7852
2.9593,2.0797
2.3666,2.8656
1.2358,2.4160
3.2839,1.3516
1.2943,2.5020
0.9817,1.9631
1.0201,2.0397
3.4101,1.0115
2.3166,2.8997
1.7137,2.9180
2.2913,2.9151
1.9307,2.9952
1.2323,2.4106
0.5549,0.9118
1.0013,2.0026
3.3238,1.2476
0.8782,1.7416
1.3957,2.6348
3.5564,0.5775
3.7037,0.0974
3.0817,1.8300
1.3886,2.6262
0.5560,0.9150
3.8732,-0.5088
0.3128,0.1533
1.5498,2.7973
2.3557,2.8735
0.6604,1.2055
2.7887,2.3780
0.8648,1.7114
1.4055,2.6466
1.0152,2.0302
1.1276,2.2390
1.6662,2.8886
2.1865,2.9652
1.7519,2.9384
2.3547,2.8742
3.8905,-0.5738
3.8143,-0.2916
2.6962,2.5153
2.2192,2.9520
0.7758,1.5013
2.4282,2.8166
3.8150,-0.2941
3.9232,-0.6989
0.0842,-0.6702
2.3265,2.8934
3.5478,0.6042
2.2569,2.9340
3.2078,1.5411
1.7129,2.9176
3.7144,0.0609
2.6381,2.5928
2.7204,2.4810
1.9338,2.9956
1.3832,2.6195
2.3793,2.8562
3.2663,1.3966
3.5685,0.5397
1.6485,2.8764
0.9831,1.9658
0.2511,-0.0586
0.9407,1.8779
3.9394,-0.7611
1.3261,2.5459
2.9372,2.1217
0.7273,1.3802
2.4679,2.7810
2.9003,2.1894
2.8553,2.2685
3.0967,1.7971
2.0272,2.9993
2.6244,2.6101
0.5883,1.0071
0.0269,-0.8930
3.0497,1.8981
3.9426,-0.7737
0.5765,0.9737
1.2582,2.4498
0.8181,1.6031
0.5363,0.8575
0.0908,-0.6452
1.6003,2.8403
2.4935,2.7565
3.9063,-0.6341
0.0450,-0.8221
0.7035,1.3190
2.0220,2.9995
1.2572,2.4482
2.2053,2.9579
1.7461,2.9356
3.8178,-0.3044
0.5699,0.9549
0.8004,1.5609
3.3200,1.2576
1.0568,2.1104
1.3700,2.6031
0.4000,0.4399
1.8956,2.9891
1.9140,2.9926
3.4264,0.9653
2.3998,2.8402
2.1337,2.9821
3.7558,-0.0829
1.2219,2.3946
0.4414,0.5707
1.0589,2.1143
2.1648,2.9728
0.3512,0.2815
2.4001,2.8399
3.9979,-0.9915
3.0190,1.9616
3.3070,1.2917
0.4467,0.5871
3.6624,0.2365
2.0033,3.0000
1.3651,2.5970
1.5899,2.8319
3.7948,-0.2212
0.7837,1.5205
3.2780,1.3666
1.3919,2.6302
2.4827,2.7670
2.8004,2.3594
3.3999,1.0402
3.7948,-0.2212
2.4606,2.7879
3.0892,1.8136
1.4150,2.6578
2.9406,2.1153
0.6624,1.2107
0.4662,0.6475
0.5515,0.9017
3.2444,1.4515
3.8674,-0.4873
0.8226,1.6136
3.8084,-0.2704
0.6294,1.1215
3.4946,0.7662
3.7863,-0.1909
1.9705,2.9991
1.7757,2.9497
2.0916,2.9916
1.1212,2.2278
2.4582,2.7901
1.0836,2.1603
2.0809,2.9935
1.2938,2.5013
0.1157,-0.5505
0.4895,0.7185
1.0728,2.1404
1.6583,2.8832
1.6195,2.8552
1.1228,2.2306
3.2368,1.4704
1.5817,2.8250
2.9619,2.0747
1.3062,2.5186
0.3604,0.3117
3.2337,1.4779
2.3079,2.9052
2.2774,2.9231
2.5028,2.7472
2.7953,2.3675
2.0905,2.9918
2.0835,2.9930
1.7424,2.9336
1.2492,2.4363
2.2657,2.9294
2.1894,2.9641
2.0129,2.9998
2.9636,2.0714
1.9342,2.9957
1.7709,2.9475
0.0869,-0.6601
3.4067,1.0212
2.0364,2.9987
0.3141,0.1577
2.1051,2.9889
1.0515,2.1003
0.3355,0.2295
3.7047,0.0940
2.6428,2.5868
3.1902,1.5833
2.5152,2.7346
3.6882,0.1499
1.4636,2.7123
0.9812,1.9620
2.8550,2.2690
0.4997,0.7492
0.5844,0.9961
1.6886,2.9030
3.5700,0.5350
0.3986,0.4355
0.1125,-0.5627
3.5536,0.5864
2.9329,2.1296
0.5853,0.9987
0.9592,1.9167
1.9036,2.9907
1.1474,2.2730
0.3386,0.2399
2.5426,2.7056
2.8722,2.2393
2.3428,2.8825
1.1072,2.2030
1.3789,2.6142
3.3931,1.0594
1.3316,2.5532
1.5059,2.7559
1.8414,2.9748
0.0436,-0.8274
2.5011,2.7489
3.9515,-0.8084
3.2847,1.3494
2.2376,2.9436
3.4923,0.7730
2.9147,2.1633
1.6059,2.8447
1.5827,2.8258
0.9550,1.9081
0.5072,0.7715
3.7891,-0.2008
1.6060,2.8448
0.9375,1.8710
3.4228,0.9756
1.7942,2.9577
2.9924,2.0151
0.5688,0.9516
0.1009,-0.6064
2.1925,2.9629
1.5684,2.8137
3.1656,1.6414
0.7272,1.3800
2.5653,2.6805
2.9796,2.0404
2.6186,2.6173
3.7141,0.0617
0.2893,0.0734
3.5609,0.5635
2.6927,2.5202
2.5653,2.6805
3.1995,1.5612
3.8288,-0.3446
2.9916,2.0167
0.1406,-0.4572
1.6767,2.8955
0.6401,1.1507
1.7580,2.9414
1.9190,2.9934
0.0997,-0.6112
3.6602,0.2437
0.8227,1.6138
3.5564,0.5775
3.0274,1.9445
3.2202,1.5110
1.5100,2.7599
3.2440,1.4523
3.2750,1.3744
3.9212,-0.6908
0.7026,1.3168
0.0908,-0.6452
3.1128,1.7618
2.8060,2.3503
2.4251,2.8193
3.6817,0.1717
3.0599,1.8766
3.6843,0.1630
3.8944,-0.5888
3.6890,0.1474
3.0813,1.8309
3.9493,-0.7999
0.7041,1.3208
3.7330,-0.0033
0.7365,1.4035
1.6879,2.9026
2.8592,2.2618
3.0529,1.8914
3.1351,1.7115
1.2807,2.4826
0.6180,1.0900
3.7499,-0.0623
0.3522,0.2846
2.7754,2.3988
0.6844,1.2692
1.7132,2.9177
2.7580,2.4255
3.6214,0.3710
2.6455,2.5833
1.4889,2.7388
0.3947,0.4230
1.1832,2.3328
3.6734,0.1998
3.7614,-0.1024
2.0586,2.9966
0.4301,0.5354
0.9601,1.9186
0.4254,0.5206
3.1108,1.7660
0.3526,0.2860
2.0248,2.9994
0.3978,0.4330
1.8910,2.9881
1.0317,2.0624
3.1698,1.6316
1.6284,2.8619
1.5551,2.8020
2.1523,2.9768
2.1155,2.9867
1.7221,2.9228
3.1536,1.6693
0.5942,1.0237
2.1784,2.9682
0.3726,0.3517
2.8432,2.2890
1.3542,2.5829
2.4847,2.7651
0.4685,0.6546
3.5763,0.5153
3.2696,1.3882
2.8656,2.2507
3.7585,-0.0924
2.8032,2.3549
2.9237,2.1468
0.9351,1.8660
2.0485,2.9976
0.9442,1.8852
0.2016,-0.2341
3.6846,0.1623
1.1477,2.2735
0.3348,0.2271
2.5194,2.7302
1.8016,2.9607
2.2623,2.9312
2.6811,2.5362
0.1604,-0.3840
0.9181,1.8295
0.2504,-0.0611
0.1133,-0.5596
2.6823,2.5344
1.5034,2.7534
0.4642,0.6414
1.9822,2.9997
3.5213,0.6857
3.3792,1.0977
0.5513,0.9013
2.1988,2.9605
1.0878,2.1679
1.7817,2.9523
1.7317,2.9280
1.2462,2.4318
2.3365,2.8868
0.8423,1.6598
3.9765,-0.9064
0.1931,-0.2647
0.7775,1.5055
0.4906,0.7218
3.1241,1.7364
1.0418,2.0819
0.8386,1.6512
2.7286,2.4691
3.2885,1.3398
1.2222,2.3950
0.1153,-0.5520
2.6123,2.6250
0.3802,0.3762
0.3436,0.2563
3.6488,0.2816
3.4588,0.8720
2.2490,2.9380
2.9637,2.0714
2.8552,2.2686
1.9517,2.9977
1.2917,2.4983
1.2553,2.4455
1.4148,2.6576
3.8559,-0.4443
2.3915,2.8468
3.8589,-0.4556
2.0000,3.0000
3.3043,1.2987
1.8008,2.9603
0.8991,1.7881
0.8976,1.7847
0.7533,1.4458
3.9193,-0.6838
3.9148,-0.6666
1.0255,2.0504
2.2347,2.9449
1.1684,2.3085
2.1174,2.9862
0.5030,0.7590
3.5771,0.5127
3.8486,-0.4174
1.3361,2.5592
1.6049,2.8439
2.8475,2.2818
2.8531,2.2722
1.0776,2.1492
2.5199,2.7297
1.5833,2.8264
2.1722,2.9704
3.9939,-0.9756
2.4056,2.8355
3.2927,1.3288
1.3917,2.6300
1.9130,2.9924
2.5480,2.6997
3.9627,-0.8522
3.7984,-0.2343
2.8172,2.3321
0.5071,0.7712
2.8935,2.2017
1.0445,2.0871
2.7842,2.3851
2.0137,2.9998
1.4524,2.7002
3.8252,-0.3312
0.5021,0.7563
3.5838,0.4915
3.0587,1.8792
0.7700,1.4872
1.1355,2.2526
2.7229,2.4774
0.5923,1.0183
3.5930,0.4623
1.3909,2.6290
1.0808,2.1550
2.8864,2.2142
3.7675,-0.1240
2.4949,2.7550
2.8505,2.2767
3.8322,-0.3569
3.9008,-0.6129
2.6376,2.5935
1.0868,2.1660
0.8688,1.7205
3.2315,1.4835
1.8198,2.9675
2.1664,2.9723
1.8083,2.9632
2.0170,2.9997
3.4942,0.7673
2.2706,2.9268
3.7951,-0.2222
3.1939,1.5746
2.3193,2.8981
2.8761,2.2324
1.2490,2.4360
3.7578,-0.0899
0.5949,1.0256
2.2529,2.9361
3.1339,1.7142
0.4236,0.5151
3.0785,1.8368
1.7561,2.9405
1.9305,2.9952
1.5524,2.7997
0.2515,-0.0572
3.8351,-0.3675
2.8692,2.2444
3.1157,1.7552
3.1329,1.7165
0.9328,1.8610
0.7771,1.5044
3.6389,0.3140
3.5680,0.5413
1.5239,2.7733
1.4310,2.6763
1.4141,2.6567
3.6345,0.3283
0.2523,-0.0543
0.3840,0.3884
0.0670,-0.7366
0.0728,-0.7142
2.5268,2.7224
0.7585,1.4588
0.3894,0.4061
1.6415,2.8715
2.4737,2.7756
0.1417,-0.4534
3.6701,0.2107
2.6325,2.5999
1.4570,2.7051
0.5053,0.7658
3.5337,0.6477
3.2067,1.5438
0.2161,-0.1822
2.9278,2.1392
0.5607,0.9284
2.3760,2.8586
0.2150,-0.1862
3.1863,1.5927
0.3357,0.2300
1.4294,2.6744
0.5148,0.7943
0.9129,1.8181
1.8378,2.9737
0.1015,-0.6044
0.6651,1.2182
1.7441,2.9345
1.9488,2.9974
3.8506,-0.4248
3.7013,0.1056
1.3460,2.5722
0.8063,1.5751
2.7910,2.3744
1.4823,2.7320
0.8656,1.7131
1.3198,2.5373
3.9872,-0.9490
3.9797,-0.9194
1.4294,2.6744
2.1417,2.9799
3.7432,-0.0387
1.8067,2.9626
0.4599,0.6282
0.5016,0.7548
1.9493,2.9974
1.1892,2.3427
2.2640,2.9303
2.1029,2.9894
3.2356,1.4733
0.2397,-0.0986
2.6733,2.5467
0.6854,1.2718
3.6287,0.3472
1.5869,2.8294
0.9155,1.8238
2.1407,2.9802
0.9489,1.8951
0.4451,0.5824
0.5822,0.9897
2.7894,2.3768
1.8813,2.9859
1.0233,2.0461
0.2528,-0.0528
1.3898,2.6276
3.1240,1.7366
1.9668,2.9989
3.5200,0.6895
0.3316,0.2166
1.5523,2.7996
2.6418,2.5881
1.9006,2.9901
0.0605,-0.7615
3.8634,-0.4722
3.0064,1.9871
3.1170,1.7522
3.5395,0.6298
3.3535,1.1680
0.7779,1.5064
0.9529,1.9036
1.2573,2.4484
2.7845,2.3845
3.0999,1.7902
2.9883,2.0233
1.5287,2.7779
1.6664,2.8887
1.5272,2.7765
0.0174,-0.9308
3.8415,-0.3913
2.2027,2.9589
0.0002,-0.9990
0.5693,0.9530
3.0659,1.8638
3.4174,0.9909
2.7965,2.3655
0.6068,1.0590
3.0998,1.7905
2.1377,2.9810
0.6466,1.1682
0.7788,1.5087
3.2651,1.3996
3.7575,-0.0888
1.9985,3.0000
0.8859,1.7587
0.7942,1.5460
1.0322,2.0633
1.4157,2.6586
3.1710,1.6288
2.6055,2.6334
3.4243,0.9715
3.7358,-0.0128
3.8164,-0.2992
1.3880,2.6254
3.7201,0.0412
0.3863,0.3958
0.6124,1.0744
2.1266,2.9840
0.1166,-0.5471
1.2372,2.4181
3.9723,-0.8898
0.1653,-0.3660
1.9860,2.9998
2.0638,2.9959
3.1675,1.6369
2.9062,2.1788
0.7274,1.3805
1.2018,2.3628
1.3420,2.5670
1.5647,2.8105
1.4188,2.6622
1.0662,2.1281
0.2118,-0.1977
2.0286,2.9992
1.1578,2.2906
3.7477,-0.0543
1.7898,2.9558
1.9013,2.9903
0.1110,-0.5684
2.3740,2.8601
2.3116,2.9029
0.8450,1.6660
0.2778,0.0339
3.4963,0.7610
1.6019,2.8415
2.7835,2.3861
0.7639,1.4720
0.0726,-0.7148
3.4940,0.7679
3.2211,1.5090
2.7538,2.4318
3.2336,1.4783
3.8039,-0.2540
1.5976,2.8380
2.1103,2.9878
0.9480,1.8933
3.8981,-0.6029
2.9334,2.1287
1.0984,2.1871
3.3931,1.0594
3.2786,1.3652
0.5741,0.9668
1.1347,2.2513
2.6283,2.6053
0.7854,1.5247
0.2637,-0.0148
3.4612,0.8650
2.4527,2.7951
3.0267,1.9458
1.6012,2.8410
0.0051,-0.9796
3.1498,1.6779
3.8031,-0.2513
0.4048,0.4555
3.5880,0.4784
1.1199,2.2255
1.8912,2.9882
3.0404,1.9176
1.4819,2.7316
1.9322,2.9954
1.1177,2.2215
1.7133,2.9178
1.4978,2.7478
0.3898,0.4072
3.0277,1.9438
0.5194,0.8077
0.1880,-0.2835
0.4724,0.6663
2.9878,2.0242
0.2298,-0.1336
1.9458,2.9971
1.2351,2.4149
3.6489,0.2811
0.4207,0.5058
3.4858,0.7924
1.3130,2.5280
0.0077,-0.9692
3.1666,1.6391
3.1401,1.7002
1.6634,2.8867
1.4870,2.7368
2.0602,2.9964
2.3236,2.8953
0.6966,1.3011
2.7892,2.3772
1.8464,2.9764
1.8845,2.9866
0.6814,1.2614
2.3151,2.9007
2.1145,2.9869
2.8877,2.2121
1.1791,2.3262
3.1954,1.5710
2.1495,2.9776
1.7201,2.9216
1.2199,2.3914
1.8552,2.9790
1.4054,2.6464
1.3920,2.6304
1.1285,2.2405
0.5143,0.7927
3.6954,0.1257
2.3763,2.8584
2.1689,2.9715
0.2222,-0.1606
1.5238,2.7733
3.7954,-0.2236
1.4362,2.6821
1.4517,2.6994
2.6926,2.5203
1.8858,2.9869
3.8890,-0.5684
2.2826,2.9201
0.1192,-0.5373
2.2640,2.9303
1.8490,2.9772
1.1961,2.3537
1.1865,2.3382
2.8379,2.2979
3.9422,-0.7721
2.7043,2.5040
2.8830,2.2203
2.6329,2.5994
2.4722,2.7770
2.3810,2.8548
0.5235,0.8199
1.4395,2.6858
1.0722,2.1391
0.5605,0.9280
3.6053,0.4230
1.6594,2.8840
1.3613,2.5921
1.3609,2.5916
3.2392,1.4644
1.1433,2.2661
3.6519,0.2712
3.0145,1.9708
1.9990,3.0000
1.8435,2.9755
0.1262,-0.5113
3.2427,1.4557
3.9114,-0.6534
0.4250,0.5195
0.8918,1.7718
1.3729,2.6068
1.8556,2.9792
2.9212,2.1515
2.6933,2.5194
0.7551,1.4502
1.6113,2.8489
1.9339,2.9956
1.4982,2.7482
0.4305,0.5368
0.7788,1.5088
1.3688,2.6016
2.0997,2.9901
0.0999,-0.6102
0.0925,-0.6385
0.1654,-0.3657
3.3364,1.2139
0.7215,1.3654
0.8487,1.6746
0.7070,1.3281
1.0499,2.0973
3.7464,-0.0499
1.5970,2.8376
2.2826,2.9201
3.7117,0.0700
1.9615,2.9985
3.7461,-0.0489
1.9824,2.9997
0.9786,1.9567
2.7592,2.4237
1.9471,2.9972
0.1011,-0.6057
0.4237,0.5153
0.1026,-0.6001
3.6686,0.2159
1.5745,2.8190
3.3022,1.3043
1.0817,2.1567
2.5530,2.6942
1.4248,2.6691
1.2990,2.5086
2.5279,2.7213
1.2953,2.5034
1.7230,2.9233
0.5225,0.8170
3.8623,-0.4683
2.0402,2.9984
2.6615,2.5624
1.1010,2.1918
1.8138,2.9653
1.2457,2.4311
3.8381,-0.3786
3.1167,1.7530
0.1644,-0.3694
3.3120,1.2786
3.4230,0.9750
0.3517,0.2831
0.0679,-0.7330
1.1516,2.2802
1.1593,2.2933
0.5000,0.7501
2.3354,2.8875
0.2184,-0.1741
0.9982,1.9965
0.9534,1.9046
0.5403,0.8694
1.0734,2.1414
0.9105,1.8129
3.2521,1.4322
3.8699,-0.4965
3.3492,1.1798
3.5847,0.4888
0.3915,0.4128
3.1362,1.7091
0.2135,-0.1916
0.3835,0.3870
3.1002,1.7895
0.7089,1.3331
3.1431,1.6934
1.8667,2.9822
2.4033,2.8373
1.3938,2.6325
1.0365,2.0716
2.0379,2.9986
3.1331,1.7161
2.3986,2.8411
2.8097,2.3445
3.8677,-0.4884
1.9583,2.9983
0.7994,1.5587
3.3900,1.0678
1.6419,2.8718
2.1172,2.9863
3.9307,-0.7276
2.4141,2.8285
0.7118,1.3406
1.2983,2.5076
3.4311,0.9519
2.1783,2.9682
2.8701,2.2430
3.1354,1.7108
1.4354,2.6812
2.1823,2.9668
0.6531,1.1858
3.6201,0.3751
1.9998,3.0000
2.5578,2.6889
1.8736,2.9840
0.3746,0.3580
2.2596,2.9326
0.5741,0.9667
2.4693,2.7797
2.9688,2.0614
2.8874,2.2125
2.8481,2.2808
2.5285,2.7207
2.4133,2.8292
2.8061,2.3502
1.2050,2.3680
0.6326,1.1301
1.1615,2.2970
3.3062,1.2938
3.9090,-0.6445
0.9957,1.9914
2.7122,2.4928
3.3425,1.1978
0.0673,-0.7354
0.7384,1.4084
1.6723,2.8926
2.1296,2.9832
3.3652,1.1362
3.4337,0.9446
3.7917,-0.2102
2.1957,2.9617
3.1383,1.7043
3.6250,0.3594
0.2750,0.0245
0.3499,0.2772
3.2956,1.3214
0.5640,0.9378
0.5900,1.0118
1.5887,2.8308
0.7086,1.3323
1.4716,2.7208
2.9615,2.0756
3.7750,-0.1506
2.6460,2.5827
0.4498,0.5970
1.6703,2.8913
0.9748,1.9489
0.1249,-0.5159
1.8870,2.9872
1.7477,2.9363
2.5680,2.6774
3.1571,1.6610
3.1308,1.7212
3.4367,0.9358
0.8598,1.7000
0.6303,1.1239
0.8299,1.6309
2.8942,2.2003
3.0341,1.9306
3.6622,0.2370
2.5136,2.7362
0.6265,1.1135
1.7928,2.9571
1.1434,2.2663
1.0927,2.1767
1.3867,2.6239
2.1629,2.9735
2.4098,2.8321
1.4732,2.7225
3.1826,1.6015
3.6904,0.1424
0.4897,0.7191
3.5852,0.4873
1.5555,2.8025
1.1081,2.2045
3.3188,1.2608
0.1713,-0.3442
0.7702,1.4875
0.3203,0.1785
0.9805,1.9605
0.8807,1.7473
0.4049,0.4556
0.4107,0.4740
0.3497,0.2764
3.8746,-0.5142
3.9372,-0.7529
0.9137,1.8200
2.4518,2.7959
2.7515,2.4353
2.7947,2.3684
1.6336,2.8658
0.1375,-0.4690
2.6333,2.5989
2.2729,2.9255
1.6841,2.9002
1.1797,2.3271
3.5396,0.6297
3.5331,0.6495
1.7772,2.9504
1.3535,2.5820
3.6050,0.4241
3.6873,0.1529
3.0322,1.9345
0.4292,0.5327
3.6059,0.4211
1.0418,2.0818
0.1955,-0.2561
3.9816,-0.9267
2.8321,2.3077
2.6326,2.5998
2.2266,2.9487
0.2448,-0.0807
1.9611,2.9985
2.9918,2.0164
3.0500,1.8975
0.3588,0.3066
1.9906,2.9999
3.7412,-0.0316
0.5541,0.9093
0.3576,0.3026
1.6201,2.8556
0.3698,0.3424
0.3481,0.2714
0.9370,1.8700
2.4240,2.8203
0.0981,-0.6173
0.1398,-0.4604
0.4303,0.5359
3.8195,-0.3105
1.7191,2.9211
1.6969,2.9081
1.4513,2.6989
3.7792,-0.1655
2.8478,2.2812
1.9550,2.9980
2.7825,2.3876
2.4778,2.7718
1.1278,2.2393
3.1223,1.7405
3.7601,-0.0978
3.1957,1.5702
1.6053,2.8442
2.9205,2.1526
3.4698,0.8398
1.5569,2.8037
3.7028,0.1006
3.8757,-0.5183
2.8156,2.3348
1.4540,2.7019
0.1094,-0.5742
1.9633,2.9987
0.1535,-0.4095
3.1463,1.6859
1.9306,2.9952
3.5706,0.5332
0.0704,-0.7234
0.7054,1.3241
1.2394,2.4215
1.3567,2.5862
2.7295,2.4678
2.3392,2.8849
2.9235,2.1471
3.7604,-0.0991
1.1200,2.2255
1.5103,2.7602
2.8677,2.2472
1.3912,2.6293
0.5358,0.8562
0.1095,-0.5740
1.0439,2.0859
2.4682,2.7808
2.6070,2.6316
1.8198,2.9675
0.3412,0.2484
2.8980,2.1937
2.7009,2.5088
1.6322,2.8647
0.6025,1.0470
3.1380,1.7049
1.3268,2.5469
3.3872,1.0755
2.2757,2.9240
2.2431,2.9409
1.4374,2.6835
0.8759,1.7363
0.7432,1.4204
0.9465,1.8902
3.0397,1.9189
3.6799,0.1779
0.4479,0.5909
3.6938,0.1309
2.0098,2.9999
2.6545,2.5716
3.8196,-0.3111
1.4232,2.6673
1.3181,2.5350
2.2496,2.9377
2.4534,2.7945
3.0878,1.8166
1.7663,2.9454
3.0341,1.9306
1.9115,2.9922
1.3661,2.5982
1.7219,2.9227
2.2772,2.9231
2.4079,2.8336
2.2779,2.9228
2.5764,2.6678
2.8636,2.2542
2.4038,2.8369
0.4525,0.6053
1.1768,2.3224
1.4502,2.6978
0.9653,1.9294
3.8668,-0.4849
3.2081,1.5406
3.8745,-0.5139
1.5583,2.8049
1.2606,2.4533
1.4505,2.6981
3.0407,1.9170
1.3451,2.5711
3.8488,-0.4179
1.5286,2.7777
1.0269,2.0531
2.6371,2.5940
0.5077,0.7731
0.9400,1.8764
1.9013,2.9903
3.5680,0.5413
2.9164,2.1602
1.9784,2.9995
2.9118,2.1687
3.9084,-0.6420
1.0420,2.0822
3.1515,1.6740
3.2923,1.3299
2.7610,2.4210
0.0903,-0.6471
1.1993,2.3589
3.3062,1.2939
0.5469,0.8886
1.9617,2.9985
3.3842,1.0839
2.7590,2.4240
1.8075,2.9629
3.8989,-0.6058
3.3056,1.2954
1.1841,2.3344
0.1682,-0.3556
2.1531,2.9766
0.3866,0.3971
3.0769,1.8403
1.0795,2.1527
2.8398,2.2948
3.9784,-0.9140
3.6301,0.3426
1.8685,2.9827
1.8327,2.9720
1.9166,2.9930
3.4626,0.8607
1.0753,2.1448
1.6116,2.8492
2.6058,2.6330
3.1181,1.7498
2.9797,2.0402
2.9259,2.1427
3.7050,0.0931
1.5247,2.7741
1.2437,2.4280
0.1312,-0.4923
1.7769,2.9502
1.5306,2.7797
3.1597,1.6551
1.3620,2.5929
0.8741,1.7324
1.7893,2.9556
1.0713,2.1376
1.0696,2.1344
3.5202,0.6891
1.7173,2.9201
3.4713,0.8353
2.1183,2.9860
2.2845,2.9191
2.9478,2.1016
0.5700,0.9552
0.9133,1.8192
0.6580,1.1991
1.1429,2.2654
1.2967,2.5053
2.6597,2.5648
1.1631,2.2995
0.9104,1.8129
3.5302,0.6584
1.1730,2.3161
0.0884,-0.6543
3.9354,-0.7459
3.5239,0.6777
3.3464,1.1871
1.7334,2.9289
3.6589,0.2480
1.2821,2.4846
0.2233,-0.1568
3.3629,1.1424
2.6737,2.5462
3.6132,0.3976
1.2394,2.4214
1.7546,2.9398
1.2405,2.4232
1.0517,2.1007
2.2152,2.9537
0.5537,0.9082
2.8123,2.3401
2.4690,2.7800
2.3064,2.9061
1.2564,2.4471
1.3334,2.5557
0.8400,1.6545
3.2478,1.4431
1.8940,2.9888
0.0814,-0.6810
3.2850,1.3489
3.4666,0.8492
1.4759,2.7253
1.5841,2.8271
3.1234,1.7380
3.1885,1.5876
3.7198,0.0422
2.3494,2.8779
2.8516,2.2748
1.9836,2.9997
3.8626,-0.4693
3.0358,1.9272
0.6993,1.3082
1.1010,2.1918
2.6929,2.5199
1.8894,2.9878
0.4862,0.7084
2.3257,2.8939
3.0417,1.9148
2.1932,2.9627
3.7452,-0.0458
0.9785,1.9565
1.1616,2.2970
1.9432,2.9968
1.7967,2.9587
3.5577,0.5735
3.5867,0.4825
1.5294,2.7785
1.0757,2.1456
0.1200,-0.5345
2.0312,2.9990
0.1507,-0.4199
3.9689,-0.8767
0.8686,1.7200
0.8770,1.7389
0.0139,-0.9446
0.9397,1.8758
3.9943,-0.9772
1.7626,2.9436
3.0246,1.9502
3.2732,1.3791
0.4452,0.5827
3.9433,-0.7764
1.1686,2.3087
1.6642,2.8872
1.6924,2.9054
3.4223,0.9770
2.7978,2.3636
2.1640,2.9731
0.2679,-0.0002
2.8359,2.3013
1.3694,2.6023
1.5964,2.8371
2.3892,2.8485
1.9124,2.9923
3.6536,0.2657
0.8148,1.5952
1.6076,2.8461
2.2099,2.9559
0.9029,1.7964
0.0554,-0.7814
3.7980,-0.2330
2.3595,2.8707
3.6578,0.2517
0.5756,0.9711
2.4931,2.7569
3.6296,0.3443
0.3906,0.4098
1.6620,2.8857
0.0535,-0.7890
3.3460,1.1883
0.4825,0.6973
0.2900,0.0759
2.0973,2.9905
0.6379,1.1448
0.6238,1.1060
1.9330,2.9955
3.3400,1.2043
1.1548,2.2856
1.3551,2.5841
3.2469,1.4452
2.3043,2.9074
3.3233,1.2489
2.4218,2.8221
1.1075,2.2035
0.0412,-0.8370
1.2798,2.4814
3.3714,1.1191
2.0087,2.9999
3.5543,0.5843
1.5307,2.7797
2.0253,2.9994
2.6681,2.5536
3.2309,1.4849
2.8646,2.2525
2.2593,2.9328
3.1434,1.6927
1.9207,2.9937
3.4849,0.7950
0.0489,-0.8069
2.3389,2.8851
3.5644,0.5527
2.2561,2.9344
0.5624,0.9332
1.4359,2.6818
2.8008,2.3588
3.4095,1.0133
0.3172,0.1683
1.3704,2.6037
3.0673,1.8608
1.0236,2.0466
1.8368,2.9734
0.5409,0.8710
3.1777,1.6130
3.0380,1.9226
1.5266,2.7759
0.5451,0.8832
3.7173,0.0510
0.1636,-0.3723
3.8122,-0.2842
3.7789,-0.1647
0.9692,1.9374
2.4833,2.7664
1.0799,2.1534
2.9302,2.1347
0.9055,1.8020
3.8050,-0.2580
0.3085,0.1387
2.8483,2.2803
3.0127,1.9744
0.1092,-0.5750
2.4434,2.8034
0.9247,1.8438
1.2033,2.3652
0.7347,1.3990
1.2588,2.4506
0.5506,0.8993
2.8323,2.3073
3.9620,-0.8493
1.6238,2.8585
3.2864,1.3451
2.9375,2.1210
0.4179,0.4969
1.4080,2.6495
0.6284,1.1186
3.1709,1.6291
0.6043,1.0521
2.0379,2.9986
2.5388,2.7097
0.8841,1.7547
0.9668,1.9324
2.2664,2.9290
1.4079,2.6494
3.0724,1.8499
3.0955,1.7999
0.9267,1.8479
2.3661,2.8660
0.7018,1.3146
1.4895,2.7394
2.0638,2.9959
1.8627,2.9811
0.1759,-0.3273
2.2616,2.9316
3.5837,0.4920
2.5958,2.6450
2.4506,2.7970
0.7060,1.3256
3.6174,0.3841
0.2798,0.0408
3.5534,0.5870
1.2398,2.4221
1.7039,2.9123
3.7865,-0.1916
0.0241,-0.9042
2.8340,2.3044
2.9006,2.1889
3.3049,1.2972
2.1378,2.9810
1.2678,2.4638
3.7219,0.0352
0.2793,0.0393
3.7724,-0.1415
2.4234,2.8207
3.6490,0.2808
3.7506,-0.0645
2.6843,2.5317
2.4256,2.8189
0.8160,1.5983
1.8437,2.9756
1.1587,2.2923
0.5953,1.0269
1.0436,2.0854
3.5802,0.5031
2.2693,2.9275
3.6115,0.4032
3.6106,0.4060
2.1614,2.9740
3.9057,-0.6316
3.6368,0.3210
3.3590,1.1531
1.0274,2.0541
3.0231,1.9532
2.1249,2.9844
0.9479,1.8930
2.4772,2.7723
3.7385,-0.0225
1.0726,2.1400
2.9957,2.0085
0.2948,0.0922
2.8956,2.1978
1.9172,2.9931
1.0175,2.0346
3.5244,0.6762
2.8184,2.3302
1.3065,2.5191
0.4139,0.4843
2.8941,2.2005
0.3895,0.4062
3.6905,0.1422
0.3874,0.3995
0.6694,1.2296
1.2247,2.3989
2.1584,2.9749
2.8869,2.2134
2.3338,2.8886
3.1722,1.6260
1.2068,2.3709
0.1891,-0.2794
1.3704,2.6036
2.9086,2.1745
2.5589,2.6876
3.8660,-0.4818
1.3688,2.6016
2.8161,2.3340
0.9648,1.9283
2.1458,2.9787
2.3383,2.8856
3.6715,0.2061
0.8458,1.6678
2.4143,2.8284
1.1809,2.3290
0.5742,0.9672
2.1812,2.9672
2.0445,2.9980
3.6835,0.1660
2.1134,2.9871
0.4884,0.7151
3.0084,1.9830
1.7193,2.9212
0.7418,1.4171
1.3215,2.5396
0.7824,1.5174
2.0820,2.9933
3.3882,1.0729
0.6195,1.0941
3.1337,1.7148
2.1576,2.9752
2.8277,2.3148
0.5369,0.8592
1.9138,2.9926
0.9696,1.9384
0.7305,1.3885
3.1936,1.5753
3.4644,0.8557
1.6262,2.8603
3.1540,1.6683
2.5511,2.6963
0.3200,0.1774
1.6904,2.9042
1.5436,2.7917
1.3150,2.5308
0.2131,-0.1929
3.8240,-0.3269
1.4657,2.7145
2.6479,2.5802
3.1946,1.5730
2.6689,2.5526
1.2077,2.3722
2.6013,2.6385
1.4699,2.7190
1.4637,2.7124
3.1979,1.5651
0.1557,-0.4014
1.2522,2.4408
1.2602,2.4527
2.9686,2.0618
3.5924,0.4644
2.8003,2.3596
3.7972,-0.2298
3.7401,-0.0278
3.0909,1.8100
3.2191,1.5137
3.7140,0.0621
2.6348,2.5970
1.4968,2.7468
2.4914,2.7586
1.6617,2.8855
3.0704,1.8543
2.8204,2.3269
1.4874,2.7373
2.7807,2.3906
1.2681,2.4644
1.6240,2.8587
2.5171,2.7326
3.7922,-0.2118
3.6464,0.2894
0.9231,1.8404
1.5519,2.7992
3.8671,-0.4859
0.0380,-0.8493
0.9589,1.9162
2.4358,2.8101
0.3751,0.3597
1.7791,2.9512
3.2811,1.3588
0.0202,-0.9196
3.3419,1.1992
3.4611,0.8653
1.6399,2.8704
3.8179,-0.3046
2.3179,2.8990
0.8481,1.6732
3.0806,1.8323
2.6595,2.5650
2.3690,2.8639
1.0090,2.0179
2.4163,2.8267
1.9410,2.9965
2.7616,2.4199
0.0536,-0.7885
1.8798,2.9855
3.3095,1.2852
0.0720,-0.7173
3.2277,1.4928
0.3024,0.1182
3.4752,0.8238
2.8480,2.2809
2.8053,2.3515
2.5445,2.7035
2.7324,2.4636
1.1995,2.3592
2.7752,2.3991
2.6229,2.6120
0.0076,-0.9697
2.9486,2.1001
2.5636,2.6824
1.1109,2.2095
2.9472,2.1028
0.3613,0.3148
3.8122,-0.2839
1.7010,2.9106
2.3503,2.8773
0.9963,1.9925
0.7560,1.4525
1.3354,2.5584
1.1791,2.3260
1.1693,2.3099
3.3407,1.2026
3.1836,1.5991
2.1579,2.9751
3.5755,0.5177
0.5667,0.9457
0.8949,1.7788
0.7045,1.3217
1.5893,2.8313
3.4170,0.9921
1.4233,2.6675
1.3102,2.5241
0.3315,0.2162
1.4940,2.7440
2.6885,2.5260
0.9093,1.8104
2.3803,2.8554
3.4407,0.9245
1.4868,2.7366
3.7935,-0.2168
3.7143,0.0611
2.0262,2.9993
0.4836,0.7007
3.4811,0.8063
0.4502,0.5982
2.0300,2.9991
0.7540,1.4475
3.0867,1.8190
3.6314,0.3384
2.6986,2.5120
2.8864,2.2143
2.3029,2.9082
1.5848,2.8276
0.3350,0.2278
2.2547,2.9352
3.0050,1.9899
2.9884,2.0231
1.5325,2.7814
1.1009,2.1917
3.1640,1.6452
2.0874,2.9924
0.2523,-0.0545
3.3899,1.0681
3.5120,0.7138
0.6973,1.3030
1.6891,2.9034
3.8863,-0.5580
1.3701,2.6033
3.1322,1.7182
0.1652,-0.3666
0.1822,-0.3044
3.4152,0.9971
1.2861,2.4904
0.1977,-0.2483
0.5548,0.9113
0.4188,0.4998
3.9110,-0.6519
0.5687,0.9515
1.8426,2.9752
2.7603,2.4220
1.9107,2.9920
1.0270,2.0532
1.0761,2.1464
3.8319,-0.3560
2.5047,2.7452
2.2666,2.9289
0.2646,-0.0116
1.3583,2.5882
1.2025,2.3640
2.4409,2.8056
1.8235,2.9688
2.4782,2.7713
1.8571,2.9796
0.6434,1.1596
2.4995,2.7505
3.7318,0.0010
0.5473,0.8898
2.9443,2.1082
2.5426,2.7056
0.8672,1.7168
0.9227,1.8393
3.3008,1.3080
0.2429,-0.0875
2.1598,2.9745
0.9922,1.9843
0.6738,1.2412
2.5607,2.6856
3.0682,1.8589
2.6847,2.5312
2.2374,2.9436
3.2684,1.3912
0.8002,1.5605
2.1869,2.9651
0.3516,0.2829
0.8221,1.6125
1.3082,2.5214
0.4875,0.7122
2.7050,2.5029
1.5490,2.7966
0.3360,0.2311
1.2459,2.4313
2.7756,2.3984
3.8632,-0.4716
1.4344,2.6801
0.7533,1.4458
3.4361,0.9375
1.7795,2.9514
0.4206,0.5056
1.4519,2.6996
2.2453,2.9398
3.5216,0.6848
1.6452,2.8741
2.9900,2.0199
0.8926,1.7737
1.9943,3.0000
1.9178,2.9932
3.3505,1.1761
2.1062,2.9887
1.9321,2.9954
1.4981,2.7481
3.3911,1.0648
1.0553,2.1076
0.1123,-0.5635
0.6363,1.1404
1.9991,3.0000
3.3367,1.2132
2.9989,2.0022
1.2736,2.4724
1.2772,2.4776
3.1572,1.6609
1.8552,2.9790
0.1777,-0.3209
2.5303,2.7188
1.5325,2.7815
3.8351,-0.3677
3.3329,1.2234
2.8625,2.2560
1.3841,2.6206
0.9273,1.8493
1.0708,2.1366
1.7361,2.9304
1.6678,2.8896
1.7489,2.9369
3.2965,1.3192
0.3914,0.4124
0.3589,0.3067
3.8146,-0.2929
2.6004,2.6395
0.3159,0.1639
0.0999,-0.6104
0.7527,1.4442
1.2287,2.4051
2.5405,2.7079
0.5814,0.9876
3.2905,1.3346
3.0808,1.8318
0.2420,-0.0904
1.6322,2.8647
2.5799,2.6637
3.7769,-0.1573
1.5703,2.8154
0.5697,0.9543
3.6282,0.3489
1.5560,2.8029
0.1643,-0.3699
1.8469,2.9766
2.7435,2.4473
2.8048,2.3524
2.4809,2.7688
2.9360,2.1239
2.1534,2.9765
2.1710,2.9707
0.3568,0.3000
0.7003,1.3109
0.6134,1.0773
1.7522,2.9386
1.5796,2.8232
0.9514,1.9004
3.2564,1.4214
3.7146,0.0601
0.5944,1.0243
1.8999,2.9900
1.3060,2.5183
3.1003,1.7894
2.9244,2.1456
3.2423,1.4567
0.5528,0.9055
3.6242,0.3621
2.7877,2.3796
2.8075,2.3480
1.1056,2.2001
2.0823,2.9932
1.8140,2.9654
3.1735,1.6229
2.7146,2.4894
0.6818,1.2623
0.8573,1.6943
1.7071,2.9142
0.7218,1.3661
3.0156,1.9686
0.1144,-0.5555
0.3924,0.4155
0.4122,0.4790
0.2716,0.0125
2.5738,2.6707
0.1522,-0.4142
2.4129,2.8295
1.0999,2.1897
2.4103,2.8317
3.8698,-0.4962
3.0314,1.9363
2.0026,3.0000
1.2978,2.5070
0.9213,1.8364
3.4137,1.0015
2.1671,2.9721
0.8972,1.7839
3.4328,0.9471
2.8725,2.2388
2.9290,2.1370
2.4775,2.7720
0.7292,1.3851
1.4322,2.6776
3.9931,-0.9725
0.4663,0.6477
3.7203,0.0406
1.9206,2.9937
3.7839,-0.1824
0.0104,-0.9587
2.0264,2.9993
3.6108,0.4054
3.1729,1.6242
3.2251,1.4991
3.7756,-0.1528
2.3642,2.8674
0.9084,1.8085
3.6187,0.3800
2.2165,2.9531
1.7949,2.9580
0.4665,0.6485
3.2242,1.5012
0.1964,-0.2530
0.7733,1.4953
0.3851,0.3919
2.6438,2.5855
1.3555,2.5847
2.2371,2.9438
0.4000,0.4399
0.6421,1.1560
2.1398,2.9805
3.3762,1.1062
2.9949,2.0101
1.0962,2.1832
2.5053,2.7447
1.0281,2.0554
1.4849,2.7346
0.6985,1.3060
1.9872,2.9998
2.3242,2.8949
0.9347,1.8651
0.1567,-0.3979
3.9133,-0.6608
3.5994,0.4420
3.7876,-0.1954
3.9007,-0.6126
0.1115,-0.5665
1.6738,2.8936
1.9787,2.9995
3.7359,-0.0133
2.5335,2.7153
0.8816,1.7493
3.8667,-0.4846
3.4193,0.9857
3.3318,1.2264
0.0249,-0.9010
3.7842,-0.1834
0.3119,0.1504
1.1075,2.2034
3.4000,1.0400
2.1766,2.9688
0.6427,1.1577
1.7407,2.9328
1.5849,2.8277
0.1527,-0.4125
3.6854,0.1595
2.1057,2.9888
0.3658,0.3295
2.9466,2.1039
0.0020,-0.9919
0.5445,0.8814
3.9153,-0.6683
2.0441,2.9981
1.6720,2.8924
1.8006,2.9602
1.2922,2.4991
1.6382,2.8691
0.9385,1.8732
1.6704,2.8914
0.6080,1.0623
2.1596,2.9745
1.8921,2.9883
1.2942,2.5018
1.2264,2.4015
1.3752,2.6097
0.3393,0.2422
3.3341,1.2203
0.5391,0.8659
1.6858,2.9013
2.6895,2.5245
2.1326,2.9824
0.1063,-0.5861
2.7349,2.4599
1.5507,2.7981
0.5433,0.8781
1.8262,2.9698
1.4737,2.7230
2.1972,2.9611
1.6974,2.9084
1.6031,2.8425
0.5876,1.0050
2.7477,2.4410
3.5555,0.5804
2.3542,2.8745
2.3926,2.8459
3.6903,0.1428
0.4680,0.6530
2.0812,2.9934
1.9522,2.9977
0.0187,-0.9255
3.7117,0.0701
2.9334,2.1288
2.5744,2.6700
0.3721,0.3500
0.1093,-0.5748
0.5266,0.8292
1.9134,2.9925
0.9022,1.7948
0.7243,1.3727
0.3160,0.1642
2.2604,2.9322
3.3935,1.0581
3.6773,0.1865
0.8332,1.6385
3.0176,1.9646
1.1192,2.2243
2.9814,2.0369
2.2075,2.9569
1.7386,2.9317
0.5880,1.0062
3.9172,-0.6758
3.3421,1.1989
0.0376,-0.8511
3.1832,1.6001
3.9337,-0.7391
1.2419,2.4253
2.0683,2.9953
2.9178,2.1577
2.6326,2.5998
0.0550,-0.7830
1.4948,2.7447
0.3758,0.3621
1.9999,3.0000
2.4101,2.8318
2.4377,2.8085
1.4501,2.6976
2.3262,2.8936
0.2441,-0.0832
2.4429,2.8038
0.5154,0.7959
2.7312,2.4653
0.9034,1.7975
2.6998,2.5103
1.4528,2.7006
0.7565,1.4536
3.7359,-0.0132
2.4420,2.8046
2.1713,2.9707
3.4426,0.9190
1.3905,2.6286
2.6581,2.5669
3.9340,-0.7402
3.6033,0.4295
0.6642,1.2157
3.8320,-0.3563
2.7902,2.3756
3.9786,-0.9147
3.7754,-0.1520
3.6328,0.3340
2.3680,2.8646
0.4328,0.5439
2.4089,2.8328
1.5048,2.7548
0.2677,-0.0010
3.1528,1.6711
0.0239,-0.9051
1.1002,2.1903
3.4423,0.9196
0.7878,1.5307
1.6380,2.8689
3.7259,0.0212
2.4775,2.7720
0.1271,-0.5077
2.4038,2.8370
0.6416,1.1549
1.6323,2.8648
3.7709,-0.1362
1.9460,2.9971
3.4994,0.7517
1.3953,2.6343
1.8116,2.9645
1.5181,2.7678
3.3556,1.1623
0.2095,-0.2057
2.5389,2.7096
3.1981,1.5645
1.3357,2.5587
2.7557,2.4289
3.4086,1.0159
1.3286,2.5493
1.9557,2.9980
1.1288,2.2409
3.5824,0.4959
3.3090,1.2866
0.2753,0.0254
0.1232,-0.5224
3.3719,1.1180
2.8295,2.3119
0.9491,1.8957
3.3681,1.1284
3.8813,-0.5393
3.7828,-0.1783
2.8997,2.1906
2.9921,2.0157
0.0575,-0.7732
0.7079,1.3306
0.5111,0.7831
0.7266,1.3784
3.3424,1.1980
0.2235,-0.1559
3.4144,0.9994
1.7502,2.9376
2.3216,2.8966
1.8273,2.9702
3.5408,0.6261
0.0159,-0.9365
1.4590,2.7073
3.6552,0.2605
3.6353,0.3259
3.2128,1.5291
2.9906,2.0187
2.7958,2.3667
2.0445,2.9980
3.7132,0.0650
3.2040,1.5503
3.2324,1.4811
1.8412,2.9748
3.9042,-0.6260
3.1847,1.5966
1.0182,2.0361
1.5810,2.8245
1.5059,2.7558
3.1163,1.7539
3.5352,0.6430
3.2249,1.4995
1.0193,2.0382
1.7289,2.9265
1.3388,2.5628
2.1924,2.9630
0.7275,1.3809
1.5759,2.8202
3.0007,1.9986
3.0785,1.8368
2.2947,2.9131
3.6470,0.2875
0.4735,0.6697
2.2496,2.9377
3.1465,1.6855
2.1957,2.9617
3.0500,1.8976
1.3515,2.5794
0.4528,0.6062
0.6893,1.2822
0.7517,1.4417
3.4319,0.9496
2.2887,2.9166
2.4958,2.7541
3.1847,1.5964
3.6137,0.3961
0.4035,0.4512
0.6190,1.0930
1.4345,2.6803
1.3665,2.5986
3.1044,1.7803
1.9685,2.9990
3.6255,0.3577
0.5847,0.9969
2.1527,2.9767
2.0313,2.9990
2.7284,2.4694
1.9040,2.9908
1.9507,2.9976
1.2105,2.3767
1.9773,2.9995
1.7150,2.9188
0.8233,1.6155
2.3791,2.8563
1.3027,2.5137
0.0284,-0.8871
3.9451,-0.7834
0.7643,1.4730
1.6167,2.8531
3.1767,1.6154
3.2998,1.3106
1.4739,2.7233
2.0861,2.9926
2.8120,2.3406
1.8784,2.9852
3.0080,1.9840
3.6361,0.3232
0.2867,0.0647
3.3667,1.1322
2.2475,2.9387
0.2934,0.0874
3.3662,1.1336
0.3734,0.3541
0.0565,-0.7773
0.1409,-0.4563
2.1030,2.9894
3.6284,0.3482
3.8484,-0.4167
0.9063,1.8038
2.7141,2.4901
1.8715,2.9835
3.6014,0.4355
0.2535,-0.0502
0.4687,0.6550
0.3873,0.3994
1.3341,2.5566
0.4083,0.4665
1.8146,2.9656
3.8091,-0.2729
1.5834,2.8265
2.0727,2.9947
0.4165,0.4925
0.2980,0.1033
3.8480,-0.4151
3.5955,0.4544
1.5198,2.7694
2.2219,2.9508
3.5787,0.5075
1.9658,2.9988
1.8535,2.9785
1.0364,2.0714
1.1523,2.2814
1.5916,2.8332
1.2460,2.4315
0.7162,1.3520
1.6266,2.8606
0.5101,0.7803
1.3308,2.5522
1.1198,2.2253
1.5640,2.8099
0.4217,0.5088
2.1979,2.9608
2.3958,2.8434
2.8662,2.2497
2.6596,2.5649
1.2202,2.3920
2.8983,2.1930
1.8418,2.9750
3.6535,0.2659
3.4144,0.9995
1.0533,2.1038
2.7735,2.4017
2.8388,2.2964
3.3293,1.2329
2.9037,2.1833
3.2988,1.3131
2.9470,2.1032
0.6600,1.2045
2.9955,2.0090
1.3190,2.5363
2.5721,2.6727
0.8029,1.5671
1.0841,2.1612
1.4283,2.6732
1.9472,2.9972
3.7647,-0.1141
2.4122,2.8301
1.7179,2.9204
2.2618,2.9315
2.4207,2.8230
0.2854,0.0602
0.1420,-0.4522
2.2921,2.9147
3.7959,-0.2251
2.1543,2.9762
2.8415,2.2919
0.4161,0.4914
0.9159,1.8248
0.8734,1.7307
3.2120,1.5311
2.3217,2.8965
3.9083,-0.6415
0.5642,0.9384
1.5993,2.8394
3.0344,1.9300
2.4533,2.7945
2.3188,2.8983
1.9879,2.9999
2.6165,2.6199
0.2187,-0.1731
3.7657,-0.1179
2.7342,2.4610
2.3196,2.8978
2.8732,2.2375
2.0133,2.9998
2.6515,2.5756
3.8441,-0.4005
3.3703,1.1223
1.8843,2.9866
0.8231,1.6149
3.9292,-0.7219
1.7670,2.9457
3.9504,-0.8041
0.5496,0.8962
3.3886,1.0718
2.4903,2.7596
1.8560,2.9793
1.7403,2.9326
3.7294,0.0091
0.9013,1.7928
2.7968,2.3651
3.0855,1.8217
0.7399,1.4122
1.7287,2.9264
1.8702,2.9832
2.1351,2.9817
2.1351,2.9817
1.4221,2.6661
2.9397,2.1170
3.5838,0.4914
3.2873,1.3429
2.6460,2.5827
3.8081,-0.2691
1.6056,2.8445
3.0600,1.8764
1.9854,2.9998
1.9996,3.0000
3.2383,1.4665
2.2910,2.9153
1.2596,2.4518
0.4163,0.4918
2.3484,2.8786
1.0022,2.0043
3.1667,1.6387
2.0018,3.0000
1.5290,2.7781
0.2244,-0.1529
3.3667,1.1322
0.0403,-0.8404
3.1275,1.7288
0.6387,1.1469
2.3176,2.8991
2.2336,2.9455
1.0209,2.0413
3.8720,-0.5043
0.2038,-0.2262
3.6175,0.3838
1.1771,2.3228
0.2811,0.0452
3.3072,1.2912
1.7253,2.9246
0.8038,1.5690
1.4342,2.6798
0.2062,-0.2176
2.8629,2.2553
1.0206,2.0408
3.7093,0.0784
1.8345,2.9726
0.6158,1.0840
0.5630,0.9351
1.2578,2.4492
3.9811,-0.9249
3.5470,0.6068
2.6017,2.6379
0.6721,1.2368
0.0407,-0.8390
2.8475,2.2818
1.6716,2.8921
0.3281,0.2047
2.2981,2.9112
0.5694,0.9534
0.2928,0.0856
2.9919,2.0161
0.1974,-0.2494
2.5319,2.7170
1.9309,2.9952
2.1415,2.9800
3.1577,1.6597
1.9601,2.9984
2.7814,2.3894
0.4477,0.5903
3.9214,-0.6918
3.8630,-0.4709
1.6862,2.9015
0.7314,1.3907
3.1527,1.6712
3.4637,0.8575
0.9138,1.8201
1.1879,2.3404
0.5803,0.9844
1.7682,2.9463
3.2304,1.4861
3.6169,0.3855
0.8769,1.7387
2.3199,2.8977
1.7873,2.9547
0.4551,0.6134
0.9921,1.9842
2.1529,2.9766
0.8783,1.7417
3.0609,1.8745
2.3242,2.8949
2.8195,2.3283
2.4968,2.7532
2.3265,2.8934
1.2016,2.3625
0.0045,-0.9819
3.4332,0.9459
0.6703,1.2319
0.8314,1.6343
1.9498,2.9975
2.7932,2.3708
3.0672,1.8611
1.8605,2.9805
1.9395,2.9963
3.8734,-0.5096
0.6006,1.0416
3.2682,1.3917
3.6484,0.2827
0.8530,1.6843
3.5070,0.7289
1.2875,2.4923
1.5274,2.7766
3.2397,1.4632
2.8147,2.3362
3.6599,0.2449
1.4350,2.6808
0.1026,-0.6000
1.4347,2.6805
1.8576,2.9797
3.9281,-0.7176
2.7579,2.4255
0.6027,1.0476
0.7850,1.5239
1.4246,2.6689
2.2755,2.9241
2.3658,2.8662
2.2051,2.9579
1.4298,2.6749
3.7524,-0.0711
2.7472,2.4416
3.3904,1.0667
3.8487,-0.4177
3.3067,1.2926
1.4938,2.7437
0.8029,1.5668
1.7706,2.9474
1.8774,2.9850
1.3248,2.5442
2.6935,2.5191
0.3271,0.2014
3.3538,1.1671
0.2840,0.0554
3.5054,0.7339
1.5293,2.7784
0.5870,1.0035
0.3748,0.3586
3.0383,1.9219
3.4631,0.8594
0.4372,0.5578
3.8319,-0.3560
2.6608,2.5633
2.3722,2.8615
1.3828,2.6191
1.5052,2.7551
3.3658,1.1345
2.7438,2.4468
0.2925,0.0844
1.7969,2.9588
0.1694,-0.3510
2.0793,2.9937
1.9502,2.9975
1.2861,2.4904
0.1748,-0.3313
3.3121,1.2785
2.5175,2.7322
0.9799,1.9593
2.3488,2.8783
2.6568,2.5686
2.0784,2.9939
1.2544,2.4442
3.6857,0.1584
3.8402,-0.3864
2.6175,2.6187
3.5784,0.5087
1.4755,2.7249
0.1719,-0.3421
0.5086,0.7756
0.0579,-0.7717
0.9732,1.9458
3.4274,0.9626
2.7856,2.3829
0.8378,1.6494
2.3660,2.8660
1.8251,2.9694
3.2655,1.3986
2.2260,2.9489
3.4551,0.8826
2.8066,2.3494
1.1268,2.2375
2.6580,2.5670
1.5427,2.7909
1.0268,2.0529
3.6587,0.2487
1.5359,2.7846
3.5305,0.6577
0.5040,0.7620
0.3454,0.2624
1.3085,2.5218
2.8182,2.3306
3.0489,1.8999
0.5366,0.8585
2.7285,2.4692
0.3964,0.4284
0.3877,0.4004
2.9573,2.0835
1.3995,2.6394
2.2988,2.9107
2.5842,2.6587
0.9036,1.7980
0.8555,1.6900
3.8874,-0.5623
2.4104,2.8316
3.9077,-0.6394
0.4563,0.6169
0.7523,1.4434
1.1626,2.2987
3.2253,1.4986
3.8736,-0.5103
0.4625,0.6362
1.4425,2.6891
0.4242,0.5168
3.8472,-0.4121
3.2877,1.3420
3.7600,-0.0977
0.9577,1.9137
2.5489,2.6987
0.3901,0.4083
3.6566,0.2558
3.3350,1.2177
2.7517,2.4349
3.4010,1.0371
0.0520,-0.7948
3.7284,0.0127
1.7236,2.9236
2.5098,2.7401
3.3587,1.1541
1.6913,2.9047
3.0608,1.8747
2.8245,2.3202
3.8503,-0.4236
0.1245,-0.5174
1.5213,2.7709
1.2106,2.3769
2.1835,2.9663
1.8181,2.9669
1.2847,2.4883
3.1909,1.5816
2.1974,2.9610
3.8984,-0.6038
3.9504,-0.8040
1.9479,2.9973
0.9038,1.7984
1.1610,2.2960
2.1385,2.9808
0.6907,1.2858
0.3893,0.4056
0.9739,1.9472
0.0687,-0.7300
3.6410,0.3071
0.4057,0.4584
1.3492,2.5764
0.4405,0.5680
3.6286,0.3476
1.9092,2.9918
2.1859,2.9654
3.8355,-0.3692
2.7695,2.4079
1.6296,2.8628
1.0327,2.0644
2.9528,2.0922
1.3267,2.5467
2.9546,2.0887
3.0005,1.9990
3.9174,-0.6765
3.5525,0.5898
0.6521,1.1833
3.6597,0.2453
0.3248,0.1937
1.0434,2.0849
2.6588,2.5660
0.5395,0.8669
3.7925,-0.2132
2.5048,2.7451
0.8933,1.7751
3.7647,-0.1143
1.4369,2.6829
0.9570,1.9121
2.4407,2.8058
0.8452,1.6665
0.8239,1.6167
3.2000,1.5600
0.7857,1.5256
3.4496,0.8986
2.9294,2.1363
2.6095,2.6285
0.2797,0.0406
1.9037,2.9907
0.9926,1.9851
2.7399,2.4526
1.6588,2.8836
2.4497,2.7978
0.0689,-0.7291
0.9096,1.8109
2.0663,2.9956
3.9057,-0.6318
0.4486,0.5930
1.7454,2.9352
1.7633,2.9440
1.3980,2.6375
3.4905,0.7785
3.9269,-0.7129
3.7630,-0.1081
1.2431,2.4270
3.8438,-0.3996
0.8012,1.5629
1.4953,2.7452
1.6991,2.9094
0.8087,1.5808
2.8135,2.3382
1.7319,2.9281
2.0910,2.9917
1.0901,2.1721
1.2857,2.4897
1.9687,2.9990
2.9195,2.1545
3.3807,1.0938
0.5119,0.7854
3.3024,1.3038
2.2005,2.9598
2.6938,2.5186
0.9149,1.8225
1.4638,2.7125
0.0053,-0.9789
1.8979,2.9896
0.9997,1.9993
3.1158,1.7549
1.2549,2.4449
2.9363,2.1233
1.5853,2.8281
3.9400,-0.7634
1.9019,2.9904
1.4139,2.6564
0.5982,1.0349
0.8617,1.7043
2.8957,2.1978
1.2893,2.4949
2.1758,2.9691
1.4579,2.7062
1.4145,2.6572
2.8727,2.2385
3.1391,1.7026
3.9110,-0.6519
0.7124,1.3420
2.2253,2.9492
0.9382,1.8725
3.9314,-0.7302
1.0068,2.0136
3.5586,0.5708
1.8805,2.9857
3.6108,0.4052
3.7726,-0.1422
3.9106,-0.6504
1.4203,2.6640
0.4939,0.7317
2.3455,2.8807
2.5187,2.7309
1.9256,2.9945
0.0002,-0.9991
3.8071,-0.2658
2.8477,2.2815
1.8602,2.9805
3.9993,-0.9971
1.6853,2.9009
2.9332,2.1292
0.5628,0.9344
3.9201,-0.6869
0.9956,1.9912
0.7317,1.3914
3.2808,1.3594
0.6148,1.0812
0.6899,1.2837
3.3935,1.0581
0.9386,1.8735
1.4083,2.6499
0.5439,0.8799
1.2950,2.5030
1.4887,2.7385
0.9383,1.8728
3.4010,1.0373
0.2403,-0.0966
0.5915,1.0162
3.6509,0.2746
0.7031,1.3179
2.9003,2.1895
1.6180,2.8541
0.9338,1.8631
0.3972,0.4312
1.2514,2.4396
2.5587,2.6879
0.9871,1.9740
3.9008,-0.6130
1.5547,2.8017
0.9543,1.9066
3.1009,1.7880
1.6822,2.8990
1.4891,2.7390
3.7427,-0.0369
1.7794,2.9513
0.0077,-0.9691
2.1858,2.9655
3.5242,0.6768
0.0608,-0.7605
2.7834,2.3863
3.7350,-0.0102
0.6393,1.1485
3.9510,-0.8065
0.9477,1.8926
0.9641,1.9270
1.7519,2.9384
0.0040,-0.9842
0.3002,0.1107
2.5105,2.7394
0.1962,-0.2536
3.0053,1.9893
1.1616,2.2971
2.5724,2.6724
0.9708,1.9407
0.3794,0.3737
3.8024,-0.2488
3.1340,1.7141
1.5489,2.7965
0.1393,-0.4622
0.2056,-0.2198
0.8185,1.6040
0.8623,1.7056
3.2719,1.3822
0.2279,-0.1402
3.1199,1.7458
1.2789,2.4800
0.2272,-0.1429
3.4727,0.8311
1.8714,2.9835
3.6095,0.4095
1.9636,2.9987
3.6911,0.1403
3.3417,1.2000
3.0872,1.8179
3.0116,1.9766
1.2429,2.4268
1.9127,2.9924
3.2287,1.4903
3.5703,0.5342
0.9890,1.9779
1.0302,2.0594
3.6954,0.1258
1.1968,2.3548
2.3353,2.8876
1.6643,2.8873
0.2062,-0.2175
1.0970,2.1846
0.9774,1.9543
3.7602,-0.0982
2.0639,2.9959
3.8817,-0.5407
0.9686,1.9363
1.4882,2.7380
0.6946,1.2960
0.6032,1.0489
0.8774,1.7397
0.5708,0.9574
0.0244,-0.9030
0.8210,1.6098
0.9003,1.7907
0.0939,-0.6332
1.2115,2.3783
1.7475,2.9363
2.2814,2.9208
3.5942,0.4584
3.7521,-0.0698
0.6263,1.1129
2.3782,2.8569
0.9311,1.8575
2.9404,2.1157
1.9592,2.9983
0.9006,1.7913
0.4395,0.5647
2.3717,2.8618
3.2925,1.3295
2.9008,2.1885
1.7290,2.9266
0.5425,0.8757
0.2406,-0.0953
3.7892,-0.2013
3.0177,1.9643
2.7859,2.3824
2.5596,2.6868
3.9329,-0.7363
2.6718,2.5487
3.8686,-0.4918
2.5501,2.6974
3.7155,0.0570
1.3350,2.5578
3.5223,0.6825
3.6385,0.3154
1.4180,2.6612
0.4928,0.7283
0.8769,1.7387
1.0883,2.1688
1.3676,2.6001
0.3049,0.1267
0.0585,-0.7695
0.8915,1.7713
3.1263,1.7313
0.6177,1.0892
3.4310,0.9522
0.2130,-0.1934
0.1338,-0.4829
3.2982,1.3146
0.0186,-0.9261
3.0040,1.9920
0.0658,-0.7413
2.7770,2.3963
3.7551,-0.0805
3.4845,0.7962
0.9300,1.8551
3.2338,1.4776
1.4539,2.7017
2.4513,2.7963
1.3015,2.5121
0.2463,-0.0754
1.9329,2.9955
1.5173,2.7670
1.7238,2.9237
1.4252,2.6696
1.7810,2.9520
2.9160,2.1609
1.3615,2.5923
2.3893,2.8484
3.7451,-0.0453
3.5762,0.5155
3.9224,-0.6955
3.0780,1.8379
2.0313,2.9990
3.1322,1.7180
3.8162,-0.2986
2.6451,2.5838
0.3416,0.2497
0.2938,0.0887
0.3949,0.4235
1.9719,2.9992
1.5926,2.8340
2.4105,2.8315
1.9628,2.9986
1.7167,2.9198
2.6982,2.5125
2.3178,2.8990
0.2583,-0.0337
0.6224,1.1022
3.8562,-0.4454
3.2646,1.4007
1.7305,2.9274
2.4209,2.8228
1.5536,2.8008
3.3828,1.0879
0.3401,0.2446
3.4711,0.8359
2.6142,2.6228
0.9389,1.8740
1.1610,2.2961
2.8083,2.3467
3.2019,1.5554
0.2755,0.0262
0.1844,-0.2963
1.2823,2.4849
0.3949,0.4236
2.5226,2.7269
3.0376,1.9234
2.2758,2.9240
0.1163,-0.5483
0.6489,1.1745
2.2888,2.9166
0.4557,0.6153
1.5864,2.8289
2.8127,2.3396
2.6194,2.6164
0.6009,1.0426
3.3546,1.1650
2.4177,2.8255
3.0291,1.9410
0.4935,0.7304
1.4287,2.6736
3.0617,1.8728
1.2667,2.4623
2.2466,2.9392
0.7256,1.3758
0.3510,0.2806
0.8823,1.7508
1.1360,2.2535
2.9512,2.0953
0.9248,1.8439
3.9072,-0.6373
0.6056,1.0557
0.4255,0.5211
1.3336,2.5559
3.9119,-0.6554
3.4705,0.8376
2.9632,2.0723
3.5899,0.4722
0.3108,0.1467
0.2795,0.0398
3.3847,1.0826
2.4090,2.8327
3.1895,1.5852
0.7681,1.4824
0.4645,0.6421
0.1582,-0.3923
1.0208,2.0412
0.0483,-0.8092
0.7835,1.5201
0.5677,0.9486
3.7052,0.0924
1.0580,2.1126
1.2640,2.4583
2.8627,2.2558
2.3857,2.8512
2.4727,2.7765
2.9547,2.0886
3.3063,1.2937
2.4555,2.7925
2.3091,2.9045
2.9308,2.1335
1.2818,2.4841
0.6046,1.0529
0.5647,0.9400
2.7408,2.4512
2.6869,2.5282
1.3025,2.5135
2.2694,2.9274
2.5539,2.6931
3.2545,1.4263
3.8256,-0.3329
0.5909,1.0145
2.1322,2.9825
3.1705,1.6299
2.5263,2.7230
2.1702,2.9710
2.3808,2.8550
3.3525,1.1709
1.7841,2.9534
0.5152,0.7954
3.1272,1.7294
2.3184,2.8986
2.7175,2.4852
2.5331,2.7159
1.5716,2.8165
3.5147,0.7057
2.0934,2.9913
1.1399,2.2603
2.0711,2.9949
3.5229,0.6807
1.2453,2.4305
2.5495,2.6980
1.4512,2.6989
0.4906,0.7218
2.1161,2.9865
0.4299,0.5348
0.5276,0.8319
2.5602,2.6862
2.3136,2.9017
0.3065,0.1321
0.9960,1.9920
3.8948,-0.5903
0.1228,-0.5238
0.4738,0.6706
0.8231,1.6150
3.1542,1.6679
0.7896,1.5349
2.4189,2.8245
1.3477,2.5746
2.4530,2.7947
3.0101,1.9796
0.2286,-0.1379
2.6429,2.5866
3.0348,1.9291
1.0297,2.0585
0.2282,-0.1394
0.6932,1.2922
0.0729,-0.7136
0.7080,1.3308
2.8872,2.2128
3.1213,1.7427
2.4884,2.7614
1.5048,2.7548
0.5777,0.9772
1.4433,2.6901
2.5746,2.6698
3.8746,-0.5142
2.8035,2.3544
2.7932,2.3709
3.6466,0.2888
1.9000,2.9900
2.2029,2.9588
2.0019,3.0000
0.7600,1.4623
3.0877,1.8169
0.2136,-0.1914
0.7007,1.3119
1.7327,2.9285
3.2298,1.4877
0.5685,0.9507
2.0232,2.9995
3.0861,1.8203
1.7579,2.9414
3.5202,0.6890
3.8265,-0.3362
1.8058,2.9623
1.3175,2.5342
3.7119,0.0695
2.8237,2.3215
3.7453,-0.0461
2.0819,2.9933
3.0679,1.8597
1.1103,2.2085
3.7949,-0.2217
2.8878,2.2118
2.0805,2.9935
2.9546,2.0887
1.7624,2.9436
0.9900,1.9799
0.9232,1.8404
0.8432,1.6618
0.6273,1.1157
1.7683,2.9463
0.6383,1.1457
1.5019,2.7519
1.7045,2.9127
3.2569,1.4201
1.9508,2.9976
1.3626,2.5938
3.4546,0.8841
0.4039,0.4526
1.0290,2.0571
3.3903,1.0672
0.4410,0.5695
2.3265,2.8934
3.4919,0.7741
3.9895,-0.9582
1.5694,2.8145
2.3058,2.9065
0.0660,-0.7403
3.3272,1.2385
2.8577,2.2644
3.9222,-0.6949
2.7750,2.3994
3.0028,1.9944
3.5219,0.6838
2.1707,2.9709
0.8833,1.7530
1.0377,2.0740
2.1249,2.9844
3.6593,0.2466
3.2701,1.3869
2.2326,2.9459
2.6596,2.5649
1.1780,2.3242
2.6538,2.5725
0.5460,0.8858
2.8656,2.2508
0.3930,0.4174
2.0535,2.9971
0.2341,-0.1184
1.3102,2.5242
3.0126,1.9747
3.6416,0.3050
3.7565,-0.0852
2.2711,2.9265
2.5483,2.6994
3.8807,-0.5370
2.5025,2.7475
1.8739,2.9841
0.3235,0.1893
2.0525,2.9972
1.7157,2.9192
1.1371,2.2555
3.7999,-0.2397
3.2506,1.4361
1.7478,2.9364
0.3247,0.1934
2.7289,2.4687
0.6929,1.2914
1.7408,2.9328
1.7936,2.9574
2.7386,2.4545
1.4690,2.7180
2.9710,2.0571
3.2702,1.3865
3.8171,-0.3019
3.0699,1.8552
3.5320,0.6531
1.2063,2.3700
2.7188,2.4833
2.2361,2.9443
3.2785,1.3655
1.8752,2.9844
3.1916,1.5800
0.4442,0.5794
3.3564,1.1602
3.0859,1.8209
0.8389,1.6518
1.3505,2.5781
0.7075,1.3295
0.6400,1.1503
0.9529,1.9036
0.5727,0.9628
2.8402,2.2940
3.4432,0.9171
0.8791,1.7436
3.5068,0.7295
3.6850,0.1608
0.4749,0.6740
0.2326,-0.1237
1.2070,2.3711
0.1940,-0.2617
0.2946,0.0915
1.2130,2.3807
1.2186,2.3894
3.2734,1.3784
2.4602,2.7882
0.6139,1.0788
2.7678,2.4105
1.5751,2.8195
3.7021,0.1027
2.3428,2.8825
0.5138,0.7913
1.5453,2.7933
3.4670,0.8479
2.8801,2.2253
1.6803,2.8978
3.1882,1.5881
0.8682,1.7191
1.3725,2.6063
0.2545,-0.0468
1.1177,2.2215
1.3742,2.6084
0.9196,1.8327
2.2044,2.9582
3.2342,1.4767
1.4685,2.7175
1.7067,2.9140
2.2220,2.9507
2.1342,2.9820
3.4860,0.7920
2.1852,2.9657
1.6655,2.8881
3.4826,0.8019
1.2543,2.4440
0.5037,0.7612
3.0015,1.9970
2.6081,2.6303
1.6773,2.8959
1.5087,2.7586
3.7546,-0.0786
2.0949,2.9910
1.8589,2.9801
3.7105,0.0741
2.0638,2.9959
3.6517,0.2719
3.8638,-0.4736
3.8973,-0.5999
1.7972,2.9589
1.0195,2.0387
2.4768,2.7727
0.7579,1.4571
3.6278,0.3504
0.4306,0.5370
1.2877,2.4926
2.2532,2.9359
3.3185,1.2615
2.9468,2.1036
2.5784,2.6654
1.1533,2.2831
2.6554,2.5705
3.8408,-0.3886
0.9845,1.9689
1.7504,2.9377
0.2668,-0.0040
2.5084,2.7416
3.0177,1.9642
2.4810,2.7686
2.3594,2.8708
2.2100,2.9559
0.0528,-0.7917
2.6439,2.5854
0.8902,1.7683
1.1672,2.3064
3.3706,1.1216
1.7871,2.9547
3.5070,0.7290
2.8678,2.2469
3.2857,1.3470
0.4211,0.5071
2.0611,2.9963
0.6246,1.1082
3.6627,0.2355
0.7720,1.4919
2.2469,2.9390
1.1162,2.2189
3.6921,0.1368
3.1762,1.6166
0.8762,1.7370
0.7669,1.4795
2.0774,2.9940
0.3910,0.4111
2.3188,2.8983
0.2367,-0.1092
3.3049,1.2973
1.0061,2.0121
0.8491,1.6753
3.5015,0.7455
0.0519,-0.7953
3.3403,1.2035
1.0739,2.1423
3.4518,0.8922
1.5701,2.8152
1.9878,2.9999
0.3948,0.4232
1.1205,2.2265
0.7654,1.4758
2.5959,2.6449
1.4800,2.7297
1.3909,2.6290
1.0128,2.0253
3.1644,1.6441
3.0683,1.8587
3.7024,0.1018
2.6325,2.6000
3.1957,1.5703
3.0202,1.9593
1.6613,2.8853
2.7909,2.3744
3.9909,-0.9636
2.4416,2.8050
1.0533,2.1038
1.7806,2.9519
3.2482,1.4419
2.3084,2.9049
2.5871,2.6554
2.7813,2.3896
1.6510,2.8782
0.6978,1.3043
3.0662,1.8633
3.6612,0.2405
2.4125,2.8298
1.4890,2.7388
3.2876,1.3420
1.7496,2.9373
0.6959,1.2992
3.2459,1.4478
0.3435,0.2560
3.8249,-0.3304
3.3371,1.2122
0.9952,1.9903
3.9962,-0.9849
1.1269,2.2377
2.2086,2.9565
2.1359,2.9815
0.2052,-0.2212
1.6451,2.8741
3.4282,0.9603
3.2063,1.5449
3.3345,1.2191
2.1736,2.9699
2.4947,2.7553
2.5732,2.6714
0.6161,1.0848
0.2994,0.1079
1.6430,2.8726
2.7478,2.4408
2.2441,2.9404
3.4279,0.9611
3.4899,0.7803
3.4513,0.8937
0.3417,0.2500
1.8246,2.9693
1.3600,2.5904
1.3115,2.5259
2.3042,2.9075
1.1597,2.2939
1.6629,2.8863
3.0009,1.9983
2.3013,2.9092
0.4056,0.4580
2.3139,2.9015
2.6672,2.5549
2.7865,2.3813
0.4119,0.4780
3.4167,0.9929
2.9635,2.0716
3.3230,1.2496
2.3606,2.8700
1.7848,2.9537
1.1455,2.2699
2.7030,2.5058
2.2242,2.9497
2.1121,2.9874
0.4616,0.6333
1.9116,2.9922
2.5340,2.7148
0.4696,0.6579
3.8200,-0.3124
1.4451,2.6921
3.3258,1.2423
2.8439,2.2878
3.4300,0.9551
1.4497,2.6972
1.9056,2.9911
1.0069,2.0138
2.3975,2.8420
2.5350,2.7138
2.6993,2.5109
3.3258,1.2423
2.8054,2.3513
3.8316,-0.3546
3.5093,0.7220
3.8789,-0.5301
1.5206,2.7702
2.7970,2.3648
2.7872,2.3803
0.5078,0.7734
0.0301,-0.8806
0.6422,1.1563
3.4944,0.7666
1.2130,2.3807
3.5856,0.4858
2.7824,2.3879
3.0064,1.9872
0.0869,-0.6599
3.6018,0.4343
0.1435,-0.4465
1.2947,2.5025
3.9188,-0.6818
1.1312,2.2452
2.7527,2.4335
1.7595,2.9422
0.8040,1.5697
3.4273,0.9627
3.5112,0.7163
3.7629,-0.1077
1.9146,2.9927
2.7856,2.3828
2.0857,2.9927
0.2069,-0.2153
3.5434,0.6180
0.9839,1.9676
2.5651,2.6807
1.0317,2.0624
1.9474,2.9972
1.4455,2.6925
0.7410,1.4150
0.5644,0.9391
2.4647,2.7840
3.3654,1.1356
0.8857,1.7583
2.6693,2.5521
0.0645,-0.7460
0.1364,-0.4730
0.9666,1.9321
2.4607,2.7878
2.5861,2.6565
2.9289,2.1372
1.8794,2.9855
0.8308,1.6330
1.8992,2.9898
1.8504,2.9776
3.4948,0.7657
0.3848,0.3911
1.8637,2.9814
3.0110,1.9778
2.5552,2.6918
2.0176,2.9997
1.0936,2.1785
3.4983,0.7550
1.8844,2.9866
0.3407,0.2468
2.7435,2.4472
1.2025,2.3641
2.9579,2.0825
3.7211,0.0378
3.9897,-0.9590
3.4276,0.9619
2.7564,2.4279
1.1942,2.3507
3.0821,1.8291
3.4979,0.7563
0.4264,0.5237
1.4425,2.6892
3.8693,-0.4943
1.4344,2.6801
0.8839,1.7543
2.6495,2.5781
0.8760,1.7366
3.8524,-0.4316
0.0600,-0.7637
2.2675,2.9285
2.9438,2.1092
2.3272,2.8930
3.9071,-0.6371
0.8363,1.6457
2.8369,2.2997
2.5796,2.6641
2.0342,2.9988
3.6935,0.1321
2.9452,2.1066
1.0460,2.0898
3.3958,1.0517
3.7837,-0.1816
3.1280,1.7276
0.9318,1.8589
2.0211,2.9996
3.9616,-0.8478
3.8199,-0.3119
0.0440,-0.8260
1.3859,2.6229
3.1941,1.5742
2.8300,2.3112
2.2384,2.9432
0.1429,-0.4488
2.2070,2.9572
0.2219,-0.1616
3.6772,0.1869
3.3375,1.2111
3.7262,0.0203
1.4025,2.6430
0.7711,1.4897
3.7579,-0.0901
2.0069,3.0000
1.8084,2.9633
2.0051,3.0000
3.7966,-0.2277
3.8260,-0.3343
3.7624,-0.1059
0.9259,1.8463
0.5751,0.9695
0.2397,-0.0988
3.6495,0.2791
3.9432,-0.7760
2.8417,2.2915
0.8453,1.6667
0.1070,-0.5834
1.0637,2.1234
0.4344,0.5488
3.2119,1.5313
1.4714,2.7205
0.4113,0.4761
2.9292,2.1367
1.1376,2.2563
3.5498,0.5982
1.9795,2.9996
1.5377,2.7863
3.5253,0.6734
1.8097,2.9638
1.6667,2.8889
1.7176,2.9203
1.8962,2.9892
1.9620,2.9986
2.9471,2.1029
3.7194,0.0437
3.3341,1.2203
3.9545,-0.8202
2.0606,2.9963
3.0623,1.8715
3.2851,1.3485
1.6518,2.8788
2.7566,2.4276
3.3661,1.1339
1.6987,2.9092
0.6678,1.2254
2.4485,2.7989
1.9762,2.9994
2.7944,2.3689
2.0145,2.9998
0.9305,1.8561
3.8407,-0.3883
2.8271,2.3159
2.3286,2.8920
3.7878,-0.1963
1.3442,2.5699
0.1569,-0.3970
3.2437,1.4533
1.0492,2.0960
3.1610,1.6521
0.0651,-0.7438
2.9046,2.1817
3.8409,-0.3891
2.0445,2.9980
3.2077,1.5415
2.3076,2.9054
3.9737,-0.8955
0.3025,0.1186
2.0307,2.9991
2.8341,2.3043
1.4308,2.6760
3.4616,0.8637
3.1221,1.7408
1.5533,2.8004
2.4271,2.8176
3.5352,0.6432
1.1586,2.2920
1.1425,2.2647
3.1917,1.5799
3.6866,0.1552
2.5884,2.6538
2.6140,2.6230
0.2536,-0.0499
3.1992,1.5619
3.3868,1.0767
1.8694,2.9829
2.2922,2.9146
1.2141,2.3823
2.2937,2.9138
3.7622,-0.1052
2.4527,2.7950
3.1709,1.6291
2.5556,2.6913
2.1698,2.9712
2.8345,2.3036
3.0617,1.8728
1.0255,2.0503
0.2493,-0.0649
2.4401,2.8063
2.7514,2.4354
0.9180,1.8292
1.4712,2.7204
2.1835,2.9663
1.8321,2.9718
1.8143,2.9655
3.4643,0.8559
1.4543,2.7022
2.1663,2.9724
1.4643,2.7130
1.8195,2.9674
3.7566,-0.0855
2.2170,2.9529
0.2083,-0.2101
1.6194,2.8552
2.9863,2.0271
0.2626,-0.0184
3.0403,1.9178
2.1299,2.9831
2.6475,2.5807
0.3392,0.2417
0.6444,1.1624
2.8969,2.1956
1.3670,2.5994
1.0594,2.1153
3.9345,-0.7422
2.4690,2.7800
1.3319,2.5536
0.2031,-0.2288
3.5988,0.4437
1.6959,2.9075
1.3134,2.5286
3.9336,-0.7387
0.0455,-0.8200
2.3874,2.8499
3.5343,0.6458
1.2867,2.4912
0.3679,0.3361
0.3200,0.1777
0.9779,1.9553
0.4005,0.4414
0.4900,0.7199
0.8665,1.7152
2.8061,2.3503
2.9709,2.0573
1.1718,2.3141
3.7114,0.0711
3.5907,0.4696
2.8043,2.3530
0.9211,1.8360
3.2199,1.5118
1.1812,2.3296
1.1572,2.2896
1.6746,2.8941
0.6892,1.2817
3.9419,-0.7711
1.2595,2.4517
1.1362,2.2539
1.1516,2.2803
0.7520,1.4426
3.4188,0.9871
1.3497,2.5771
1.7121,2.9171
1.3061,2.5185
0.9439,1.8846
3.9094,-0.6456
1.1928,2.3484
1.1159,2.2183
1.2540,2.4435
3.1141,1.7588
2.8245,2.3202
2.5850,2.6578
2.2966,2.9120
3.2939,1.3258
1.2406,2.4232
3.9437,-0.7780
3.5218,0.6840
0.4344,0.5490
2.4755,2.7739
3.4690,0.8421
0.1775,-0.3216
0.1896,-0.2777
0.1226,-0.5245
2.7487,2.4395
2.9476,2.1020
0.5796,0.9825
3.4110,1.0090
1.6831,2.8996
1.8883,2.9875
1.0815,2.1564
1.0622,2.1206
1.4270,2.6716
1.2111,2.3776
1.7352,2.9299
3.5811,0.5000
0.0043,-0.9828
2.4480,2.7993
3.3111,1.2811
0.2934,0.0877
3.2299,1.4874
0.7497,1.4368
1.9943,3.0000
2.2088,2.9564
3.6226,0.3672
1.8269,2.9700
0.9163,1.8256
3.2992,1.3120
3.5436,0.6174
0.2600,-0.0275
0.3263,0.1986
1.5771,2.8212
2.4357,2.8102
0.7726,1.4934
1.5118,2.7616
0.6053,1.0548
1.7431,2.9340
3.4236,0.9733
0.5614,0.9304
2.4199,2.8237
0.0291,-0.8843
1.6601,2.8845
2.7934,2.3705
3.5980,0.4465
3.3329,1.2233
2.4651,2.7836
1.8315,2.9716
1.1297,2.2425
3.0433,1.9115
3.5308,0.6567
1.3683,2.6010
2.6907,2.5230
1.7399,2.9323
0.4105,0.4734
0.6728,1.2386
1.2350,2.4147
3.8374,-0.3759
2.3970,2.8424
3.2049,1.5482
3.4044,1.0276
1.1879,2.3405
2.3065,2.9061
3.2300,1.4870
3.3680,1.1285
1.2517,2.4400
3.9704,-0.8827
2.8033,2.3547
2.4840,2.7658
3.7674,-0.1239
0.9239,1.8420
0.2966,0.0983
0.9301,1.8553
3.4190,0.9863
2.8118,2.3410
3.4692,0.8416
3.9836,-0.9346
1.2341,2.4134
1.8349,2.9727
3.8589,-0.4556
2.9895,2.0208
2.2605,2.9321
0.9460,1.8890
0.7302,1.3875
3.7105,0.0743
2.5794,2.6643
3.6286,0.3477
3.1360,1.7095
1.9246,2.9943
2.2264,2.9488
1.5585,2.8051
0.4557,0.6153
0.8021,1.5650
3.1942,1.5739
1.6251,2.8594
0.4839,0.7013
3.0122,1.9755
2.9853,2.0291
0.5909,1.0143
2.5288,2.7204
2.1225,2.9850
0.3261,0.1982
0.9178,1.8289
2.8116,2.3413
2.4930,2.7570
1.9630,2.9986
2.9082,2.1752
3.2371,1.4696
0.9877,1.9753
0.6769,1.2494
2.0003,3.0000
0.8211,1.6101
2.2110,2.9555
3.4588,0.8720
0.6169,1.0869
0.0503,-0.8015
2.4268,2.8178
0.0466,-0.8158
1.2696,2.4666
1.7126,2.9174
3.3244,1.2461
1.0832,2.1595
1.2072,2.3715
1.2131,2.3807
3.6043,0.4262
3.0030,1.9940
3.6848,0.1614
1.9226,2.9940
1.4348,2.6805
1.7347,2.9296
3.3825,1.0887
3.1845,1.5970
0.9135,1.8194
2.9517,2.0944
3.2192,1.5136
3.2604,1.4115
2.9829,2.0339
3.5555,0.5805
0.5998,1.0393
3.1498,1.6779
0.9132,1.8188
3.4102,1.0113
2.6541,2.5721
0.7744,1.4980
3.9707,-0.8838
3.7995,-0.2381
1.3507,2.5785
2.5393,2.7092
0.9099,1.8116
0.5197,0.8088
1.0672,2.1300
2.2025,2.9590
1.5464,2.7942
0.7760,1.5019
0.8711,1.7256
2.4820,2.7677
1.8965,2.9893
0.2984,0.1046
3.9170,-0.6750
1.7496,2.9373
1.7299,2.9271
2.4829,2.7668
1.6598,2.8843
3.4637,0.8575
3.6309,0.3402
0.4971,0.7414
0.0342,-0.8644
0.0771,-0.6974
3.4534,0.8876
3.7368,-0.0164
0.1988,-0.2443
2.9523,2.0931
0.7015,1.3140
2.3760,2.8587
2.2418,2.9415
3.5178,0.6962
2.2359,2.9443
